Fecha,H00,H01,H02,H03,H04,H05,H06,H07,H08,H09,H10,H11,H12,H13,H14,H15,H16,H17,H18,H19,H20,H21,H22,H23
1999-01-01,32.52995,26.02995,26.02995,25.52995,21.52995,21.52995,21.52995,21.52995,21.52995,21.52995,21.52995,21.52995,21.52995,21.52995,21.52995,21.52995,21.52995,21.52995,21.52995,21.52995,21.52995,21.52995,21.52995,21.43995
1999-01-02,21.51495,21.51495,21.44495,21.44495,21.51495,21.51495,21.51495,21.51495,25.52995,25.52995,21.51495,21.51495,21.44495,21.51495,21.51495,21.51495,21.51495,21.51495,32.52995,32.52995,32.52995,32.52995,26.02995,25.52995
1999-01-03,25.52995,25.52995,25.52995,25.52995,25.52995,25.52995,22.52995,25.52995,25.52995,25.52995,25.52995,25.52995,25.52995,25.52995,25.52995,25.52995,25.52995,22.52995,26.02995,26.02995,22.52995,26.02995,26.02995,25.52995
1999-01-04,23.02995,23.02995,23.02995,23.02995,23.02995,26.02995,26.02995,26.02995,26.02995,26.02995,26.02995,26.02995,26.02995,26.02995,26.02995,26.02995,26.02995,26.02995,33.52995,33.52995,26.02995,26.02995,26.02995,26.02995
1999-01-05,24.52995,24.52995,24.52995,24.52995,24.52995,25.52995,24.52995,25.52995,25.52995,25.52995,25.52995,25.52995,25.52995,25.52995,26.02995,26.02995,27.02995,27.02995,30.52995,33.52995,33.52995,27.02995,27.02995,26.02995
1999-01-06,26.12995,26.12995,26.12995,26.12995,26.12995,26.12995,26.12995,27.02995,26.12995,26.12995,26.12995,26.12995,26.12995,26.12995,26.12995,25.52995,26.12995,26.12995,30.52995,34.52995,27.02995,27.02995,27.02995,26.12995
1999-01-07,27.02995,27.02995,27.02995,27.02995,27.02995,27.02995,25.52995,25.52995,25.52995,25.52995,25.52995,27.02995,27.02995,25.52995,25.52995,25.52995,25.52995,25.52995,30.52995,34.52995,27.02995,25.52995,27.02995,27.02995
1999-01-08,26.52995,25.52995,25.52995,25.52995,25.52995,26.52995,25.52995,25.52995,25.52995,25.52995,25.52995,25.52995,25.52995,25.52995,25.52995,25.52995,25.52995,25.52995,25.52995,26.52995,25.52995,25.52995,27.02995,25.52995
1999-01-09,26.52995,25.52995,25.52995,25.52995,26.52995,25.52995,25.52995,26.52995,26.52995,26.52995,37.52995,26.52995,26.52995,37.52995,30.52995,26.52995,26.52995,30.52995,26.52995,26.52995,26.52995,26.52995,27.02995,26.52995
1999-01-10,24.52995,24.52995,24.12995,24.12995,24.12995,24.12995,23.52995,25.52995,25.52995,25.52995,25.52995,25.52995,25.52995,25.52995,25.52995,25.52995,25.52995,25.52995,25.52995,25.52995,25.52995,25.52995,25.52995,24.12995
1999-01-11,25.52995,25.52995,25.52995,25.52995,25.52995,25.52995,25.52995,25.52995,24.52995,25.52995,30.60995,37.52995,37.52995,25.52995,25.52995,25.52995,25.52995,25.52995,25.52995,37.52995,30.60995,24.52995,25.52995,25.52995
1999-01-12,24.02995,23.02995,23.02995,23.02995,24.02995,24.36995,24.02995,24.36995,25.52995,25.52995,25.52995,37.52995,37.52995,25.52995,25.52995,25.52995,25.52995,25.52995,37.52995,37.52995,25.52995,30.55995,27.02995,24.36995
1999-01-13,21.52995,21.52995,21.52995,21.52995,21.52995,22.52995,22.52995,22.52995,23.52995,23.52995,23.52995,23.52995,23.52995,23.52995,23.52995,22.52995,22.52995,22.52995,23.52995,23.52995,23.52995,23.52995,23.02995,22.32995
1999-01-14,21.51495,21.51495,21.51495,21.51495,21.51495,22.02995,22.02995,27.52995,37.52995,22.02995,22.02995,22.02995,22.02995,22.02995,27.52995,22.02995,27.52995,37.52995,22.02995,22.02995,22.02995,22.02995,27.02995,21.62995
1999-01-15,22.02995,22.02995,22.02995,22.02995,27.02995,27.02995,27.52995,27.52995,27.52995,22.02995,22.02995,37.52995,37.52995,22.02995,22.02995,27.52995,27.52995,22.02995,22.02995,37.52995,22.02995,27.52995,27.02995,22.02995
1999-01-16,27.02995,27.02995,27.02995,27.02995,27.02995,27.02995,22.02995,27.52995,27.52995,22.52995,22.52995,22.52995,22.52995,22.52995,22.52995,36.52995,36.52995,36.52995,22.52995,37.52995,22.52995,22.52995,22.52995,22.02995
1999-01-17,27.02495,27.02495,22.02995,22.02995,22.02995,22.02995,21.62995,21.62995,21.72995,21.72995,21.72995,21.72995,21.72995,22.02995,21.62995,22.02995,22.02995,21.72995,21.72995,22.02995,21.72995,22.02995,22.02995,27.52995
1999-01-18,27.02995,21.82995,21.82995,21.82995,27.02995,27.52995,22.67995,27.52995,27.52995,37.52995,37.52995,37.52995,37.52995,27.52995,27.52995,21.82995,21.82995,36.52995,37.52995,40.52995,37.52995,37.52995,27.52995,27.52995
1999-01-19,27.02995,27.02995,27.02995,27.02995,27.02995,27.02995,22.52995,27.52995,27.52995,25.52995,22.52995,22.52995,22.52995,21.82995,25.52995,21.82995,21.82995,21.82995,37.52995,40.52995,37.52995,22.52995,22.52995,25.52995
1999-01-20,25.62995,25.62995,25.62995,25.62995,25.62995,27.02995,25.52995,37.52995,37.52995,25.52995,22.02995,22.02995,22.02995,21.82995,21.82995,21.82995,21.82995,22.02995,37.52995,37.52995,37.52995,22.02995,25.52995,25.52995
1999-01-21,22.52995,22.52995,22.52995,22.52995,22.52995,27.02995,25.52995,25.52995,21.82995,21.82995,21.82995,25.52995,21.82995,27.52995,25.52995,25.52995,25.52995,27.52995,37.52995,37.52995,37.52995,37.52995,27.02995,25.52995
1999-01-22,21.82995,21.82995,21.82995,21.82995,21.82995,27.02995,21.82995,27.42995,27.52995,27.42995,21.82995,21.82995,21.82995,27.42995,27.42995,21.82995,21.82995,21.82995,21.82995,21.82995,21.82995,21.82995,27.02995,21.82995
1999-01-23,21.82995,21.82995,21.82995,21.82995,21.82995,27.02995,27.42995,27.42995,27.42995,37.52995,37.52995,37.52995,37.52995,27.42995,27.42995,21.82995,21.82995,25.52995,27.42995,37.52995,27.42995,21.82995,21.82995,21.82995
1999-01-24,21.62995,21.62995,21.62995,21.62995,21.62995,21.62995,22.02995,25.52995,27.02995,27.42995,27.42995,27.52995,25.52995,27.02995,25.52995,22.02995,22.02995,22.02995,22.02995,25.52995,22.02995,21.72995,21.62995,22.02995
1999-01-25,21.51495,21.51495,21.51495,21.51495,21.51495,21.52995,21.52995,21.62995,21.62995,21.52995,21.52995,25.52995,27.42995,25.52995,25.52995,25.52995,25.52995,25.52995,27.42995,37.52995,25.52995,21.52995,25.52995,21.51995
1999-01-26,21.51995,21.51995,21.51995,21.51995,21.52495,25.02995,25.52995,27.52995,37.52995,21.52995,25.02995,25.02995,21.52995,27.52995,25.52995,25.52995,27.52995,37.52995,37.52995,37.52995,37.52995,37.52995,25.52995,21.52495
1999-01-27,18.985,18.985,18.985,18.985,18.985,22.5,22.5,23.0,23.0,23.0,23.0,35.0,23.0,19.0,19.0,19.0,19.0,19.0,35.0,35.0,23.0,19.0,22.5,18.985
1999-01-28,18.99,18.985,18.985,18.985,18.985,18.985,18.985,23.0,18.985,18.985,18.985,18.985,18.985,23.0,23.0,18.985,18.985,18.985,23.0,35.0,23.0,18.985,23.0,18.99
1999-01-29,20.0,20.0,18.985,18.985,18.985,18.985,18.985,23.0,18.985,18.985,23.0,23.0,23.0,18.985,18.985,18.985,18.985,18.985,18.985,35.0,23.0,18.985,18.985,18.985
1999-01-30,19.0,19.0,19.0,19.0,19.0,19.0,19.0,19.0,23.0,23.0,23.0,23.0,24.0,18.985,18.985,18.985,18.985,19.0,18.985,35.0,23.0,18.985,23.0,19.0
1999-01-31,19.0,19.0,18.985,18.985,18.985,18.985,18.985,18.985,22.99,22.99,22.99,22.99,22.99,22.99,19.0,19.0,19.0,18.985,18.985,18.985,18.985,23.0,22.99,19.0
1999-02-01,24.37386,23.87386,23.87386,23.87386,23.08886,23.87386,23.87386,27.37386,27.37386,23.08886,23.08886,23.08886,23.08886,23.08886,23.87386,27.37386,27.37386,23.08886,38.87386000000001,39.37386000000001,38.87386000000001,39.37386000000001,27.37386,24.37386
1999-02-02,23.97386,23.97386,23.97386,23.97386,23.08886,24.87386,38.87386000000001,24.87386,23.08886,23.08886,23.08886,23.08886,23.08886,23.08886,23.08886,23.08886,23.08886,23.08886,38.87386000000001,39.37386000000001,38.87386000000001,23.08886,22.87386,23.97386
1999-02-03,23.17386,23.17386,23.17386,23.17386,23.17386,24.87386,24.87386,24.87386,24.87386,22.87386,22.87386,22.87386,22.87386,23.08886,23.08886,23.08886,23.08886,23.08886,37.87386000000001,39.37386000000001,37.87386000000001,23.08886,24.87386,22.87386
1999-02-04,23.17386,23.08886,23.08886,23.08886,23.17386,23.08886,38.87386000000001,38.87386000000001,39.37386000000001,23.08886,23.08886,25.38386,39.37386000000001,23.08886,23.08886,23.08886,23.08886,23.08886,38.87386000000001,39.37386000000001,38.87386000000001,23.08886,35.87386000000001,23.17386
1999-02-05,23.17386,23.08886,23.08886,23.08886,23.17386,23.08886,23.08886,23.08886,25.38386,25.38386,23.08886,23.08886,23.08886,23.08886,23.08886,23.08886,23.08886,23.08886,37.87386000000001,39.37386000000001,23.08886,23.08886,23.17386,23.17386
1999-02-06,23.13386,23.08886,23.08886,23.08886,23.08886,23.08886,23.08886,23.08886,23.08886,23.08886,23.08886,25.26386,38.87386000000001,23.08886,23.08886,23.08886,23.08886,23.08886,23.08886,38.87386000000001,23.08886,23.08886,23.13386,23.13386
1999-02-07,23.13386,23.13386,23.13386,23.08886,23.08886,22.31386,23.08886,23.08886,23.08886,23.08886,23.08886,23.08886,23.08886,23.08886,23.08886,23.08886,23.08886,23.08886,23.08886,23.08886,23.08886,24.87386,23.13386,23.13386
1999-02-08,23.08886,23.08886,23.08886,23.08886,23.13386,23.08886,23.08886,23.08886,23.08886,23.08886,23.08886,23.08886,23.08886,23.08886,23.08886,23.08886,23.08886,23.08886,38.87386000000001,39.37386000000001,38.87386000000001,23.08886,25.87386,23.13386
1999-02-09,23.08886,23.08886,23.08886,23.08886,23.13386,23.08886,23.08886,23.08886,23.08886,23.08886,23.08886,23.08886,23.08886,23.08886,23.08886,23.08886,23.08886,23.08886,23.08886,38.87386000000001,23.08886,23.08886,23.13386,23.13386
1999-02-10,23.08886,23.07386,23.07386,23.08886,23.08886,25.87386,23.08886,23.08886,23.08886,23.08886,23.08886,23.07386,23.07386,22.31386,23.08886,23.08886,23.08886,23.08886,23.08886,23.08886,23.08886,23.07386,23.07386,23.07386
1999-02-11,23.07386,22.67386,22.67386,22.67386,23.07386,23.07386,38.87386000000001,25.22286,38.87386000000001,22.67386,22.31386,22.31386,22.67386,23.07386,23.07386,23.07386,23.07386,23.07386,38.87386000000001,39.37386000000001,22.67386,23.07386,22.67386,22.31386
1999-02-12,22.47386,22.31386,22.31386,22.47386,22.47386,22.31386,22.67386,22.67386,22.67386,22.47386,22.31386,22.31386,22.31386,22.67386,22.67386,22.67386,22.47386,22.67386,22.47386,39.37386000000001,38.87386000000001,22.67386,22.47386,22.31386
1999-02-13,24.87386,24.87386,24.87386,24.87386,24.87386,22.31386,22.47386,24.87386,25.42386,38.87386000000001,38.87386000000001,38.87386000000001,38.87386000000001,24.87386,24.87386,24.87386,24.87386,24.87386,22.47386,39.37386000000001,25.42386,25.87386,25.87386,24.87386
1999-02-14,22.47386,22.31386,22.47386,22.47386,22.47386,22.31386,22.31386,22.31386,24.77386,24.87386,24.87386,35.87386000000001,24.87386,24.77386,24.77386,22.31386,22.31386,22.31386,24.87386,38.87386000000001,25.87386,24.77386,22.47386,22.47386
1999-02-15,22.31386,22.31386,22.31386,22.31386,22.31386,24.77386,24.77386,24.77386,24.77386,24.77386,23.08886,24.77386,23.08886,24.77386,24.77386,24.77386,24.77386,24.77386,23.08886,39.37386000000001,23.08886,23.08886,22.31386,22.31386
1999-02-16,22.31386,22.31386,22.31386,22.31386,22.31386,22.31386,38.87386000000001,24.39386,24.39386,38.87386000000001,23.08886,23.08886,23.08886,23.08886,23.08886,23.08886,23.08886,38.87386000000001,38.87386000000001,43.87386000000001,38.87386000000001,23.08886,22.31386,22.31386
1999-02-17,25.87386,25.87386,25.87386,22.31386,22.31386,24.47386,23.08886,22.31386,22.31386,23.08886,23.08886,23.08886,23.08886,24.47386,23.08886,23.08886,23.08886,23.08886,38.87386000000001,39.37386000000001,38.87386000000001,23.08886,22.31386,22.31386
1999-02-18,22.31386,22.31386,22.31386,22.31386,22.31386,22.31386,39.37386000000001,39.37386000000001,39.37386000000001,39.37386000000001,22.31386,22.31386,22.31386,23.08886,23.08886,23.08886,23.08886,23.08886,23.08886,38.87386000000001,23.08886,22.31386,22.31386,22.31386
1999-02-19,24.87386,24.87386,24.87386,24.87386,22.31386,22.31386,38.87386000000001,22.31386,22.31386,22.31386,22.31386,22.31386,22.31386,38.87386000000001,38.87386000000001,38.87386000000001,38.87386000000001,23.08886,23.08886,23.08886,22.31386,23.08886,25.87386,24.87386
1999-02-20,22.47386,22.47386,22.47386,22.47386,22.47386,22.47386,22.47386,24.86386,22.47386,22.47386,24.86386,24.86386,24.86386,39.37386000000001,38.87386000000001,38.87386000000001,24.86386,23.08886,23.08886,23.08886,23.08886,23.08886,22.47386,22.31386
1999-02-21,22.31386,22.31386,22.31386,22.47386,22.47386,22.47386,22.47386,22.47386,22.47386,22.31386,22.31386,22.31386,22.31386,22.31386,22.31386,22.31286,22.31286,22.31386,24.86386,39.37386000000001,38.87386000000001,22.47386,22.47386,22.47386
1999-02-22,23.27386,23.27386,23.27386,23.27386,23.27386,38.87386000000001,22.31886,22.31886,22.31886,22.31886,22.31886,22.31886,22.31886,22.31386,22.31386,24.86886,22.31386,24.86886,23.08886,23.08886,23.08886,23.08886,23.27386,23.08886
1999-02-23,24.87386,24.87386,22.31386,24.87386,22.31386,22.31386,22.31386,22.31386,22.31386,22.31386,22.31386,22.31386,22.31286,22.31186,22.31186,22.31186,22.31286,22.31286,23.08886,23.08886,23.08886,23.08886,24.87386,23.08886
1999-02-24,24.37386,24.37386,24.37386,24.37386,22.30886,22.31386,22.31286,22.31286,22.31286,22.31386,22.31386,22.31386,22.31386,22.31386,22.31386,22.31386,22.31386,24.37386,24.37386,39.37386000000001,24.37386,22.31386,24.87386,22.31386
1999-02-25,22.31186,22.31186,22.31186,22.31186,23.87386,24.37386,24.37386,38.87386000000001,24.37386,24.37386,22.31286,22.31286,22.31286,22.31386,22.31386,22.31386,24.37386,22.31286,24.37386,39.37386000000001,24.37386,22.31386,22.31186,22.31386
1999-02-26,22.31386,22.31286,22.31286,22.31286,22.31286,22.31386,24.37386,24.37386,24.37386,24.37386,22.31386,22.31386,23.87386,24.37386,24.37386,23.87386,24.37386,24.37386,24.37386,39.37386000000001,24.37386,22.31386,23.87386,22.31386
1999-02-27,22.31386,22.31386,22.31386,22.31386,22.31386,22.31386,22.31386,22.31386,22.31386,22.31386,22.31386,22.31386,22.31386,22.31386,22.37386,22.37386,22.37386,22.31386,22.31386,22.31386,22.31386,22.31386,22.31386,22.31386
1999-02-28,22.31186,22.31186,22.30386,22.30386,22.30386,22.31186,22.31386,22.31386,22.31386,22.31386,22.31386,22.31386,22.31386,22.31386,22.31386,22.31386,22.31386,22.31386,22.31386,38.87386000000001,22.31386,22.31386,22.31386,22.31386
1999-03-01,20.27053,20.27053,20.26953,20.27053,20.40953,20.40953,21.84953000000001,21.84953000000001,21.84953000000001,21.84953000000001,21.84953000000001,21.84953000000001,21.84953000000001,21.84953000000001,21.84953000000001,21.84953000000001,21.84953000000001,20.40953,20.40953,38.90953,38.40953,20.40953,21.84953000000001,20.26953
1999-03-02,20.00953,20.00953,20.00953,20.26853,20.26853,20.27053,20.27053,20.26953,20.26953,20.26953,20.26953,20.26953,20.26953,20.27053,20.27053,20.27053,20.27053,20.26953,38.40953,38.90953,38.90953,20.27053,20.27053,20.26953
1999-03-03,20.26853,20.26853,20.26853,20.26853,20.26853,20.26953,38.40953,20.26953,20.26853,20.26853,20.26853,20.26953,20.26853,20.26853,20.26953,20.26953,20.26953,20.26853,38.90953,38.90953,38.40953,20.26953,20.26953,20.26853
1999-03-04,20.26853,20.26853,20.26853,20.26853,20.27053,20.26853,20.26853,20.26853,20.26853,38.40953,20.26853,20.00953,20.26853,20.26853,20.26853,20.26853,20.26853,20.26853,38.40953,38.90953,38.90953,20.27053,37.90953,20.27053
1999-03-05,20.26953,20.26853,20.26853,20.26853,20.27053,20.26853,20.26853,20.26953,38.40953,20.26953,20.25953,20.25953,20.25953,20.26853,20.27053,20.27053,20.27053,20.27053,20.26853,38.90953,20.26853,20.25953,20.25953,20.26853
1999-03-06,20.26853,20.26853,20.26853,20.26853,20.26753,20.26853,20.26853,20.26853,20.26853,20.26853,20.27053,36.28953,20.27053,20.26853,20.26853,20.26853,20.27053,20.26853,20.26853,36.28953,20.26853,20.27053,20.27053,35.40953
1999-03-07,20.26853,20.26853,20.26753,20.26753,20.26753,20.26753,20.26653,20.26653,20.26753,20.26753,20.26653,20.26653,20.26653,20.26753,20.26653,20.26653,20.26653,20.26653,20.26653,20.26653,20.26653,20.26753,20.26753,20.00953
1999-03-08,35.40953,35.40953,20.25953,35.40953,20.27053,20.27053,20.27053,20.27053,20.27053,20.27053,20.00953,20.00953,20.00953,20.27053,20.27053,20.27053,20.27053,20.25953,20.25953,40.51253000000001,20.25953,20.27053,20.00953,20.00953
1999-03-09,20.27053,35.27953,35.27953,20.00853,20.25953,20.00953,20.00953,20.00953,20.00953,20.00953,20.00953,20.00953,20.00953,20.00953,20.00953,20.00953,20.00953,20.00953,20.00953,38.40953,35.27953,20.00953,20.26853,20.00953
1999-03-10,20.26953,20.26953,20.26953,20.26953,20.25953,20.26953,26.40953,26.40953,26.40953,26.40953,20.26953,20.26953,20.26953,20.00953,20.00953,20.00953,20.00953,20.00953,20.26953,20.26953,20.26953,20.00953,30.40953,26.40953
1999-03-11,20.27053,26.40953,20.27053,20.27053,20.27053,26.40953,20.27053,20.27053,20.27053,20.00853,19.99753,19.99753,20.00853,20.00853,20.00853,20.00853,20.00953,20.00953,20.00953,20.27053,20.00953,20.00853,20.00853,19.95953
1999-03-12,20.00953,20.00953,20.00953,20.27053,24.40953,24.40953,20.27053,20.27053,20.27053,20.27053,20.00953,20.00953,20.00953,20.00953,20.00953,20.00953,20.00953,20.00953,20.00953,20.27053,20.27053,20.00953,20.00953,20.00853
1999-03-13,19.99753,19.99753,19.99753,19.99753,20.27053,19.99753,19.99753,19.99753,19.99753,19.99753,19.99753,19.99753,20.27053,20.27053,20.27053,20.27053,19.99753,19.99753,19.99753,20.27053,19.99753,19.99753,19.99753,19.99753
1999-03-14,20.27053,20.27053,20.27053,20.27053,20.27053,20.27053,19.80953,29.90953,19.99753,19.99753,29.90953,29.90953,29.90953,20.27053,29.90953,29.90953,29.90953,29.90953,19.99753,20.27053,20.27053,20.27053,20.27053,19.99753
1999-03-15,20.27053,20.27053,20.27053,20.27053,20.27053,20.27053,19.80953,19.80953,19.80953,19.80953,19.80953,19.90953,19.80953,19.80953,19.80953,19.80953,19.80953,19.80953,20.27053,35.40953,20.27053,19.90953,20.27053,19.90953
1999-03-16,27.40953,20.26953,20.26953,20.26953,27.40953,20.26953,19.91053,19.91053,19.80953,19.80953,19.80953,19.90953,19.91153,19.91153,19.91153,19.91153,19.91153,20.26953,20.26953,30.40953,20.26953,19.91153,27.40953,20.26953
1999-03-17,19.91153,19.91153,19.91053,19.91053,25.40953,35.40953,20.27053,20.27053,20.27053,19.91153,20.27053,20.27053,20.27053,19.91153,19.91053,19.91053,20.27053,20.27053,20.27053,35.40953,19.91153,19.91053,25.40953,19.91153
1999-03-18,19.81053,19.81053,19.81053,19.81053,19.75953,20.27053,20.27053,20.27053,20.27053,20.27053,20.27053,26.40953,26.40953,20.27053,20.27053,20.27053,20.27053,20.27053,20.27053,26.40953,20.27053,19.81053,19.81053,19.81053
1999-03-19,20.27053,20.27053,20.27053,20.27053,19.81053,20.27053,19.81053,19.81153,19.81153,19.81153,19.81153,20.27053,19.81153,19.81153,19.81153,19.81053,19.81153,19.81153,19.90953,20.27053,19.81153,19.90953,20.27053,19.81153
1999-03-20,19.70953,19.70953,19.70953,19.70953,19.71953,19.72953,19.72953,20.27053,20.27053,20.27053,20.27053,32.40953,32.40953,20.27053,20.27053,20.27053,20.27053,20.27053,20.27053,38.40953,20.27053,20.27053,19.72953,20.27053
1999-03-21,20.27053,20.27053,20.27053,20.27053,20.27053,20.27053,19.72953,19.72953,20.27053,19.90953,19.71953,19.71953,19.71953,19.71953,20.27053,19.72953,19.72953,19.72953,19.72953,20.27053,19.90953,19.71953,20.27053,19.72953
1999-03-22,19.90953,19.72953,19.72953,19.72953,19.72953,20.27053,20.27053,20.27053,20.27053,20.27053,20.27053,20.27053,20.27053,20.27053,20.27053,20.27053,20.27053,20.27053,20.27053,38.40953,20.27053,19.71953,20.27053,19.71953
1999-03-23,19.71953,19.71953,19.71953,19.71953,20.27053,20.27053,20.27053,20.27053,20.27053,20.27053,20.27053,20.27053,19.72953,20.27053,19.90953,19.90953,20.27053,19.72953,20.27053,20.27053,20.27053,19.71953,20.27053,19.72953
1999-03-24,19.70953,19.70953,19.70953,19.70953,18.50953,20.27053,20.27053,20.27053,20.27053,20.27053,20.27053,20.27053,20.27053,20.27053,20.27053,20.27053,20.27053,18.60953,20.27053,43.90953,20.27053,19.70953,20.27053,19.70953
1999-03-25,18.40953,18.40953,18.40953,18.40953,18.50953,20.27053,20.27053,20.27053,20.27053,20.27053,20.27053,36.40953,36.40953,38.40953,38.90953,38.40953,38.90953,20.27053,20.27053,43.90953,20.27053,18.50953,20.27053,18.50953
1999-03-26,20.30953,20.27053,20.27053,20.27053,18.60953,36.40953,18.60953,18.60953,20.27053,20.30953,20.30953,38.40953,36.40953,38.40953,38.40953,38.40953,38.40953,20.27053,20.27053,20.30953,18.60953,18.50953,20.27053,18.40953
1999-03-27,20.27053,20.27053,20.27053,20.27053,20.27053,18.40953,18.40953,18.40953,18.60953,18.60953,20.27053,20.27053,20.27053,20.27053,18.60953,18.60953,18.60953,18.40953,18.60953,18.60953,18.40953,18.40953,20.27053,20.27053
1999-03-28,20.27053,20.27053,18.60953,18.60953,18.70953,18.40953,18.35953,18.40953,18.40953,18.35953,18.35953,18.35953,18.40953,18.40953,18.40953,18.40953,18.40953,18.40953,18.70953,18.60953,18.50953,18.60953,20.27053,20.27053
1999-03-29,18.60953,18.60953,18.60953,18.60953,18.60953,20.27053,18.60953,18.60953,18.60953,20.27053,20.27053,20.27053,20.27053,20.27053,20.27053,20.27053,20.27053,20.27053,18.40953,20.27053,18.40953,20.27053,20.27053,20.27053
1999-03-30,18.40953,18.40953,18.40953,18.40953,18.40953,18.40953,18.40953,18.40953,20.27053,20.27053,20.27053,20.27053,20.27053,20.27053,20.27053,20.27053,36.40953,38.40953,20.27053,20.27053,18.36153,18.40953,18.40953,18.40953
1999-03-31,20.27053,20.27053,20.27053,20.27053,20.27053,18.40953,20.27053,18.70953,20.27053,20.27053,20.27053,36.40953,20.27053,20.27053,20.27053,18.36153,18.36153,20.27053,18.36153,18.36153,18.35953,20.27053,20.27053,20.27053
1999-04-01,21.85096,21.85096,21.85096,21.85096,21.85096,21.85096,19.93196,21.85096,21.85096,21.85096,21.85096,21.85096,21.85096,21.85096,21.85096,21.85096,21.85096,21.85096,21.85096,21.85096,21.85096,21.85096,21.85096,21.85096
1999-04-02,19.87396,19.87396,19.87396,19.87396,19.87396,19.87396,19.87396,19.87396,19.87396,19.87396,19.87396,19.87396,19.87396,19.87396,19.87396,19.87396,19.87396,19.87396,19.93196,21.85096,19.93196,19.87396,19.93196,19.87396
1999-04-03,20.10196,20.10196,20.10196,20.10196,20.10196,20.10196,19.93196,20.10196,20.10196,19.93196,19.93196,21.85096,19.93196,19.93196,19.93196,19.93196,19.93196,19.87396,21.85096,21.85096,21.85096,19.93196,19.93196,19.93196
1999-04-04,19.93296,19.93296,19.93296,19.93296,19.93296,19.93296,19.93196,19.93296,19.93296,19.93196,19.93296,19.93296,19.93296,19.93296,19.93296,19.93196,19.93196,19.87396,19.93196,21.85096,19.93196,19.93296,19.87396,19.93296
1999-04-05,20.10196,20.10196,20.10196,20.10196,20.10196,20.10196,20.10196,27.10196,27.10196,27.10196,28.10196000000001,28.10196000000001,28.10196000000001,27.10196,28.10196000000001,28.10196000000001,28.10196000000001,28.10196000000001,27.10196,28.10196000000001,27.10196,21.85096,21.85096,19.93196
1999-04-06,20.10196,20.10196,20.10196,20.10196,20.10196,21.85096,21.85096,29.10196000000001,39.10196000000001,23.10196,23.10196,23.10196,23.10196,25.10196,21.85096,21.85096,25.10196,25.10196,26.10196,45.60196000000001,26.10196,21.85096,21.85096,19.87396
1999-04-07,20.10196,20.10196,20.10196,20.10196,20.10196,21.85096,40.60196000000001,40.60196000000001,40.60196000000001,25.10196,25.10196,37.10196000000001,25.10196,21.85096,21.85096,21.85096,19.93196,19.93196,21.85096,23.10196,21.85096,19.87396,19.90196,19.87396
1999-04-08,20.10196,20.10196,21.85096,21.85096,21.85096,23.10196,31.10196000000001,26.10196,37.10196000000001,26.10196,26.10196,31.10196000000001,26.10196,23.10196,23.10196,23.10196,26.10196,26.10196,26.10196,45.60196000000001,23.10196,23.10196,23.10196,21.85096
1999-04-09,21.85096,21.85096,21.85096,21.85096,21.85096,24.10196,24.10196,24.10196,24.10196,21.85096,24.10196,24.10196,24.10196,21.85096,21.85096,21.85096,21.85096,24.10196,23.10196,24.10196,23.10196,24.10196,21.85096,21.85096
1999-04-10,21.85096,21.85096,21.85096,21.85096,21.85096,20.10196,19.87396,21.85096,25.10196,25.10196,25.10196,25.10196,26.10196,25.10196,21.85096,21.85096,21.85096,25.10196,25.10196,25.10196,23.10196,25.10196,26.10196,25.10196
1999-04-11,21.85096,21.85096,21.85096,21.85096,21.85096,21.85096,21.85096,21.85096,21.85096,21.85096,21.85096,21.85096,21.85096,21.85096,21.85096,21.85096,21.85096,21.85096,25.10196,45.60196000000001,44.60196000000001,21.85096,21.85096,21.85096
1999-04-12,21.85096,25.10196,25.10196,21.85096,21.85096,25.10196,21.85096,21.85096,21.85096,25.10196,25.10196,26.10196,25.10196,25.10196,25.10196,25.10196,25.10196,25.10196,26.10196,37.60196000000001,25.10196,25.10196,25.10196,21.85096
1999-04-13,21.85096,21.85096,21.85096,21.85096,21.85096,26.10196,25.10196,21.85096,25.10196,25.10196,26.10196,26.10196,26.10196,25.10196,21.85096,21.85096,21.85096,25.10196,26.10196,26.10196,25.10196,25.10196,26.10196,21.85096
1999-04-14,21.85096,21.85096,21.85096,21.85096,21.85096,26.00196,26.00196,21.85096,26.00196,26.00196,26.10196,26.10196,26.00196,21.85096,21.85096,21.85096,21.85096,26.00196,26.00196,26.10196,26.00196,26.00196,26.00196,21.85096
1999-04-15,21.85096,21.85096,21.85096,21.85096,21.85096,26.00196,21.85096,21.85096,21.85096,21.85096,21.85096,26.00196,21.85096,21.85096,21.85096,21.85096,21.85096,26.00196,26.00196,26.10196,26.00196,26.00196,26.10196,21.85096
1999-04-16,21.85096,21.85096,21.85096,21.85096,19.87496,21.85096,19.87496,19.87496,19.87496,19.87496,26.10196,26.10196,21.85096,19.87496,19.87496,19.87496,19.87496,19.87496,24.10196,26.10196,24.10196,26.10196,29.10196000000001,19.87496
1999-04-17,21.85096,21.85096,21.85096,21.85096,21.85096,21.85096,19.90196,21.85096,21.85096,21.85096,21.85096,21.85096,21.85096,19.90196,19.87396,19.87396,19.87396,19.90196,19.90196,26.10196,21.85096,21.85096,26.10196,21.85096
1999-04-18,21.85096,21.85096,21.85096,21.85096,21.85096,21.85096,19.90196,21.85096,21.85096,19.90196,19.90196,19.90196,21.85096,21.85096,21.85096,19.90196,19.90196,21.85096,21.85096,45.60196000000001,31.10196000000001,21.85096,21.85096,21.85096
1999-04-19,21.85096,21.85096,21.85096,21.85096,21.85096,26.10196,19.90196,19.90196,26.10196,26.10196,26.10196,31.10196000000001,26.10196,26.10196,26.10196,26.10196,21.85096,21.85096,26.10196,31.10196000000001,26.10196,21.85096,21.85096,21.85096
1999-04-20,21.85096,21.85096,21.85096,21.85096,20.10196,26.10196,19.90196,19.90196,21.85096,21.85096,26.10196,26.10196,26.10196,19.90196,26.10196,26.10196,26.10196,26.10196,26.10196,31.10196000000001,26.10196,19.90196,31.10196000000001,21.85096
1999-04-21,21.85096,21.85096,21.85096,21.85096,20.10196,26.10196,19.90196,19.90196,21.85096,19.90196,26.10196,29.10196000000001,26.10196,26.10196,26.10196,26.10196,26.10196,26.10196,29.10196000000001,37.10196000000001,29.10196000000001,44.90196000000001,40.60196000000001,26.10196
1999-04-22,21.85096,21.85096,21.85096,21.85096,26.10196,31.10196000000001,26.10196,26.10196,29.10196000000001,29.10196000000001,29.10196000000001,31.10196000000001,29.10196000000001,26.10196,26.10196,26.10196,26.10196,26.10196,31.10196000000001,54.00196,29.10196000000001,49.60196000000001,29.10196000000001,26.10196
1999-04-23,21.85096,21.85096,21.85096,21.85096,26.10196,29.10196000000001,26.10196,26.10196,26.10196,26.10196,29.10196000000001,29.10196000000001,26.10196,26.10196,26.10196,26.10196,26.10196,26.10196,29.10196000000001,31.10196000000001,26.10196,29.10196000000001,37.10196000000001,26.10196
1999-04-24,21.85096,19.90196,19.90196,19.90196,21.60196,21.85096,21.85096,21.85096,21.85096,21.85096,21.85096,21.85096,21.85096,21.85096,21.85096,21.85096,21.85096,21.85096,24.10196,26.10196,24.10196,26.10196,21.85096,21.85096
1999-04-25,19.90196,19.90196,19.90196,19.89196,19.90196,19.90196,19.87396,19.87696,19.87696,19.87696,19.87696,19.87696,19.87696,19.87696,19.87696,19.87696,19.87696,19.87396,24.10196,25.60196,24.10196,25.60196,19.87396,21.60196
1999-04-26,21.85096,21.85096,21.85096,21.85096,21.85096,25.10196,21.85096,21.85096,25.10196,25.10196,25.10196,25.10196,25.10196,25.10196,25.10196,25.10196,25.10196,25.10196,25.10196,45.60196000000001,25.10196,25.10196,21.85096,25.10196
1999-04-27,19.97696,19.97696,19.97696,19.97696,19.97696,40.10196000000001,21.85096,21.85096,21.85096,21.85096,26.10196,26.10196,21.85096,21.85096,21.85096,21.85096,21.85096,21.85096,26.10196,45.60196000000001,26.10196,26.10196,31.10196000000001,21.85096
1999-04-28,19.90196,19.90196,19.90196,19.90196,20.10196,21.85096,19.90196,21.85096,21.85096,21.85096,21.85096,23.03596,21.85096,21.85096,21.85096,21.85096,21.85096,21.85096,24.10196,24.10196,23.03596,21.85096,21.85096,19.90196
1999-04-29,19.88196,19.88196,19.88196,19.88196,20.10196,21.85096,19.88196,21.85096,21.85096,21.85096,21.85096,21.85096,21.85096,21.85096,21.85096,21.85096,21.85096,21.85096,24.10196,24.10196,21.85096,21.85096,21.85096,19.88196
1999-04-30,20.10196,20.10196,20.10196,20.10196,20.10196,21.85096,21.85096,21.85096,21.85096,21.85096,21.85096,26.10196,21.85096,21.85096,21.85096,21.85096,21.85096,21.85096,24.10196,24.10196,21.85096,21.85096,21.85096,20.10196
1999-05-01,21.85041,21.85041,20.09641,20.09641,20.09641,21.84941,19.99641,21.85041,21.85041,21.85041,21.85041,21.85041,21.85041,21.85041,19.99641,19.99641,21.85041,21.85041,21.85041,26.09641,21.85041,21.85041,21.85041,21.85041
1999-05-02,21.84941,21.84941,21.84941,21.84941,21.84941,21.84941,21.84941,21.84941,21.85041,21.85041,21.85041,21.85041,21.85041,21.85041,21.84941,21.84941,21.84941,21.85041,25.09641,30.09641000000001,25.09641,21.85041,21.85041,21.85041
1999-05-03,21.84941,21.84941,21.84941,21.85041,21.85041,21.85041,21.85041,21.85041,26.09641,21.85041,21.85041,26.09641,21.85041,21.85041,26.09641,26.09641,26.09641,30.09641000000001,26.09641,26.09641,26.09641,26.09641,26.09641,21.85041
1999-05-04,21.85041,21.85041,21.85041,21.85041,21.85041,30.09641000000001,26.09641,30.09641000000001,30.09641000000001,30.09641000000001,30.09641000000001,30.09641000000001,30.09641000000001,30.09641000000001,30.09641000000001,30.09641000000001,30.09641000000001,30.09641000000001,30.09641000000001,45.59641000000001,30.09641000000001,30.09641000000001,30.09641000000001,26.09641
1999-05-05,21.85041,21.84941,21.84941,21.84941,21.85041,26.09641,21.85041,21.85041,21.85041,21.85041,21.85041,26.09641,21.85041,21.85041,21.85041,21.85041,21.85041,26.09641,24.09641,26.09641,24.09641,21.85041,26.09641,21.85041
1999-05-06,23.59641,23.59641,23.59641,23.59641,23.59641,26.09641,26.09641,26.09641,26.09641,26.09641,26.09641,40.59641000000001,26.09641,26.09641,26.09641,26.09641,26.09641,26.09641,26.09641,26.09641,26.09641,26.09641,26.09641,23.59641
1999-05-07,23.59641,23.59641,23.59641,23.59641,23.59641,28.49641,23.59641,23.59641,28.09641000000001,23.59641,23.59641,28.09641000000001,28.09641000000001,23.59641,23.59641,23.59641,23.59641,23.59641,28.09641000000001,28.49641,23.59641,28.09641000000001,28.49641,23.59641
1999-05-08,23.59641,23.59641,23.59641,23.59641,23.59641,23.59641,23.59641,23.59641,23.59641,23.59641,23.59641,23.59641,23.59641,23.59641,23.59641,23.59641,23.59641,23.59641,23.59641,23.59641,23.59641,23.59641,23.59641,23.59641
1999-05-09,23.59641,23.59641,23.59641,23.59641,23.59641,23.59641,23.59641,23.59641,23.59641,23.59641,23.59641,23.59641,23.59641,23.59641,23.59641,23.59641,23.59641,23.59641,23.59641,23.59641,23.59641,23.59641,23.59641,23.59641
1999-05-10,23.59641,23.59641,23.59641,23.59641,23.59641,28.45441,23.59641,23.59641,23.59641,23.81941,28.45441,28.45441,28.45441,23.59641,23.59641,23.59641,23.59641,28.45441,40.59641000000001,40.59641000000001,28.45441,33.09641000000001,28.45441,23.59641
1999-05-11,23.59641,23.59641,23.59641,23.59641,23.59641,30.09641000000001,32.09641000000001,40.59641000000001,32.09641000000001,32.09641000000001,32.09641000000001,32.09641000000001,32.09641000000001,32.09641000000001,32.09641000000001,32.09641000000001,32.09641000000001,32.09641000000001,32.09641000000001,40.59641000000001,32.09641000000001,23.59641,32.09641000000001,23.59641
1999-05-12,23.59641,23.59641,23.59641,23.59641,23.59641,30.09641000000001,30.09641000000001,30.09641000000001,30.09641000000001,30.09641000000001,30.09641000000001,30.09641000000001,30.09641000000001,30.09641000000001,30.09641000000001,30.09641000000001,30.09641000000001,30.09641000000001,33.09641000000001,33.09641000000001,32.09641000000001,30.09641000000001,23.59641,23.59641
1999-05-13,23.59641,23.59641,23.59641,23.59641,23.59641,23.59641,23.59641,30.09641000000001,30.09641000000001,30.09641000000001,30.09641000000001,30.09641000000001,30.09641000000001,30.09641000000001,30.09641000000001,30.09641000000001,23.59641,30.09641000000001,30.09641000000001,30.09641000000001,30.09641000000001,30.09641000000001,30.09641000000001,23.59641
1999-05-14,23.59641,23.59641,23.59641,23.59641,23.59641,23.59641,23.59641,23.59641,23.59641,23.59641,23.59641,23.59641,23.59641,23.59641,23.59641,23.59641,23.59641,23.59641,30.09641000000001,40.59641000000001,30.09641000000001,23.59641,23.59641,23.59641
1999-05-15,23.59641,23.59641,23.59641,23.59641,23.59641,23.59641,23.59641,23.59641,23.59641,23.59641,23.59641,23.59641,23.59641,23.59641,23.59641,23.59641,23.59641,23.59641,23.59641,30.09641000000001,23.59641,23.59641,23.59641,23.59641
1999-05-16,23.59641,23.59641,23.59641,23.59641,23.59641,23.59641,23.59641,23.59641,23.59641,23.59641,23.59641,23.59641,23.59641,23.59641,23.59641,23.59641,23.59641,23.59641,33.09641000000001,36.09641000000001,36.09641000000001,23.59641,23.59641,23.59641
1999-05-17,23.59641,23.59641,23.59641,23.59641,23.59641,23.59641,23.59641,23.59641,23.59641,23.59641,23.59641,23.59641,23.59641,23.59641,23.59641,23.59641,23.59641,23.59641,23.59641,33.09641000000001,23.59641,23.59641,29.59641000000001,29.59641000000001
1999-05-18,23.59641,23.59641,23.59641,23.59641,23.59641,26.09641,26.09641,26.09641,26.09641,26.09641,26.09641,26.09641,26.09641,26.09641,26.09641,26.09641,26.09641,26.09641,31.09641000000001,31.09641000000001,26.09641,26.09641,23.59641,23.59641
1999-05-19,23.59641,23.59641,23.59641,23.59641,23.59641,23.59641,23.59641,26.09641,26.09641,26.09641,26.09641,26.09641,26.09641,26.09641,26.09641,26.09641,26.09641,26.09641,26.09641,33.09641000000001,26.09641,26.09641,26.09641,23.59641
1999-05-20,23.59641,23.59641,23.59641,23.59641,23.59641,23.59641,23.59641,23.59641,31.09641000000001,31.09641000000001,36.53141000000001,36.53141000000001,31.09641000000001,23.59641,23.59641,23.59641,23.59641,23.59641,36.53141000000001,36.53141000000001,23.59641,23.59641,23.59641,23.59641
1999-05-21,23.59641,23.59641,23.59641,23.59641,23.59641,34.09641000000001,23.59641,23.59641,34.09641000000001,34.09641000000001,34.09641000000001,37.09641000000001,34.09641000000001,23.59641,23.59641,23.59641,23.59641,25.96241,38.79341,40.59641000000001,38.79341,34.09641000000001,25.96241,23.59641
1999-05-22,25.50841,23.59641,23.59641,23.59641,25.50841,23.59641,23.59641,23.59641,30.09641000000001,37.09641000000001,37.09641000000001,38.20341000000001,37.09641000000001,30.09641000000001,25.50841,23.59641,23.59641,25.50841,37.09641000000001,38.20341000000001,30.09641000000001,23.59641,23.59641,23.59641
1999-05-23,23.59641,23.59641,23.59641,23.59641,23.59641,23.59641,23.59641,23.59641,23.59641,23.59641,23.59641,23.59641,23.59641,23.59641,23.59641,23.59641,23.59641,23.59641,23.59641,23.59641,23.59641,23.59641,23.59641,23.59641
1999-05-24,23.59641,23.59641,23.59641,23.59641,23.59641,28.09641000000001,23.59641,23.59641,23.59641,25.07741,28.09641000000001,33.09641000000001,28.09641000000001,23.59641,23.59641,23.59641,23.59641,23.59641,28.09641000000001,33.09641000000001,28.09641000000001,23.59641,29.59641000000001,23.59641
1999-05-25,23.59641,23.59641,23.59641,23.59641,23.59641,23.59641,23.59641,23.59641,23.59641,23.59641,37.09641000000001,40.51441000000001,23.59641,23.59641,23.59641,23.59641,23.59641,23.59641,33.09641000000001,40.51441000000001,33.09641000000001,23.59641,23.59641,23.59641
1999-05-26,23.59641,23.59641,23.59641,23.59641,23.59641,23.59641,23.69641,24.89141,30.09641000000001,36.09641000000001,40.59641000000001,40.59641000000001,36.09641000000001,30.09641000000001,30.09641000000001,30.09641000000001,30.09641000000001,30.09641000000001,36.09641000000001,40.59641000000001,36.09641000000001,23.59641,32.09641000000001,30.09641000000001
1999-05-27,30.09641000000001,30.09641000000001,30.09641000000001,30.09641000000001,30.09641000000001,23.59641,23.59641,23.59641,23.59641,23.59641,23.59641,23.59641,23.59641,23.59641,23.59641,23.59641,23.59641,23.59641,36.09641000000001,40.59641000000001,36.09641000000001,23.59641,23.59641,23.59641
1999-05-28,23.59641,23.59641,23.59641,23.59641,23.59641,23.59641,23.59641,23.59641,23.59641,23.59641,23.59641,23.59641,23.59641,23.59641,23.59641,23.59641,23.59641,23.59641,36.09641000000001,40.59641000000001,36.09641000000001,23.59641,23.59641,23.59641
1999-05-29,23.59641,23.59641,23.59641,23.59641,23.59641,23.59641,23.59641,23.59641,37.09641000000001,36.09641000000001,36.09641000000001,37.09641000000001,36.09641000000001,23.59641,23.59641,23.59641,23.59641,23.59641,23.59641,39.98541000000001,37.09641000000001,23.59641,23.59641,23.59641
1999-05-30,30.09641000000001,23.59641,23.59641,23.59641,23.59641,30.09641000000001,23.59641,23.59641,23.59641,23.59641,23.59641,23.59641,23.59641,23.59641,23.59641,23.59641,23.59641,23.59641,23.59641,31.59641000000001,23.59641,23.59641,30.09641000000001,23.59641
1999-05-31,23.59641,23.59641,23.59641,23.59641,23.59641,24.09641,24.09641,24.09641,24.09641,24.09641,39.98541000000001,24.09641,24.09641,23.59641,23.59641,23.59641,23.59641,23.59641,24.09641,39.98541000000001,24.09641,29.59641000000001,23.59641,23.59641
1999-06-01,27.64542,25.73142,25.73142,25.73142,25.40042,25.70042,25.70042,25.70042,36.70042,27.64542,42.70042,27.64542,25.70042,25.70042,25.70042,25.70042,25.70042,25.70042,25.70042,42.70042,25.70042,30.70042,30.70042,30.70042
1999-06-02,36.20042,36.20042,36.20042,36.20042,25.70042,25.70042,42.70042,36.70042,42.70042,42.70042,42.81942,42.70042,36.70042,36.70042,30.11442,30.11442,30.11442,30.11442,36.70042,42.81942,42.70042,30.11442,25.70042,25.70042
1999-06-03,34.70042,34.70042,34.70042,34.70042,25.70042,25.70042,34.70042,34.70042,34.70042,34.70042,35.20042,35.20042,34.70042,30.98742,30.98742,30.98742,30.98742,25.70042,35.20042,42.70042,35.20042,36.20042,35.70042,34.70042
1999-06-04,25.70042,25.70042,25.70042,25.70042,25.70042,25.70042,25.70042,25.70042,25.70042,25.70042,25.70042,25.70042,25.70042,25.70042,25.70042,25.70042,25.70042,25.70042,34.70042,35.70042,34.70042,25.70042,25.70042,25.70042
1999-06-05,25.70042,25.70042,25.70042,25.70042,25.70042,25.70042,25.70042,25.70042,25.70042,25.70042,25.70042,25.70042,25.70042,25.70042,25.70042,25.70042,25.70042,25.70042,33.30042,34.70042,33.30042,33.30042,25.70042,25.70042
1999-06-06,25.70042,25.70042,25.70042,25.70042,25.70042,25.70042,25.70042,25.70042,25.70042,25.70042,25.70042,25.70042,25.70042,25.70042,25.70042,25.70042,25.70042,25.70042,25.70042,30.70042,25.70042,25.70042,25.70042,25.70042
1999-06-07,25.70042,25.70042,25.70042,25.70042,25.70042,25.70042,25.70042,25.70042,25.70042,25.70042,25.70042,25.70042,25.70042,25.70042,25.70042,25.70042,25.70042,25.70042,34.20042,34.70042,34.20042,25.70042,25.70042,25.70042
1999-06-08,25.70042,25.70042,25.70042,25.70042,25.70042,25.70042,25.70042,25.70042,25.70042,25.70042,25.70042,25.70042,25.70042,25.70042,25.70042,25.70042,25.70042,25.70042,34.87542000000001,42.70042,34.87542000000001,25.70042,25.70042,25.70042
1999-06-09,25.70042,25.70042,25.70042,25.70042,25.70042,25.70042,32.70042,25.70042,25.70042,25.70042,34.20042,34.20042,25.70042,25.70042,25.70042,25.70042,25.70042,34.20042,42.70042,42.70042,38.29942,25.70042,25.70042,25.70042
1999-06-10,25.70042,25.70042,25.70042,25.70042,25.70042,25.70042,25.70042,25.70042,25.70042,30.70042,30.70042,30.70042,25.70042,25.70042,25.70042,25.70042,25.70042,25.70042,34.20042,42.70042,34.20042,32.21642000000001,25.70042,25.70042
1999-06-11,25.70042,25.70042,25.70042,25.70042,25.70042,25.70042,34.20042,25.70042,25.70042,25.70042,25.70042,30.24842,25.70042,25.70042,25.70042,25.70042,25.70042,25.70042,35.20042,35.20042,34.20042,25.70042,25.70042,25.70042
1999-06-12,25.70042,25.70042,25.70042,25.70042,25.70042,25.70042,33.70042,34.20042,34.20042,33.70042,34.20042,33.70042,33.70042,25.70042,25.70042,25.70042,25.70042,25.70042,28.94542000000001,34.20042,33.70042,25.70042,25.70042,25.70042
1999-06-13,25.70042,25.70042,25.70042,25.70042,25.70042,25.70042,25.70042,25.70042,25.70042,25.70042,32.66942,32.66942,32.66942,32.66942,25.70042,25.70042,25.70042,25.70042,25.70042,33.70042,32.66942,32.70042,25.70042,25.70042
1999-06-14,25.70042,25.70042,25.70042,25.70042,25.70042,25.70042,25.70042,25.70042,25.70042,25.70042,25.70042,25.70042,25.70042,25.70042,25.70042,25.70042,25.70042,25.70042,25.70042,25.70042,25.70042,25.70042,25.70042,25.70042
1999-06-15,25.70042,25.70042,25.70042,25.70042,25.70042,25.70042,25.70042,25.70042,25.70042,25.70042,25.70042,25.70042,25.70042,25.70042,25.70042,25.70042,25.70042,31.40742,31.40742,42.70042,25.70042,25.70042,25.70042,25.70042
1999-06-16,25.70042,25.70042,25.70042,25.70042,25.70042,25.70042,25.70042,25.70042,25.70042,25.70042,25.70042,25.71942,25.70042,25.70042,25.70042,25.70042,25.70042,25.70042,35.70042,42.70042,35.70042,25.71942,25.70042,25.70042
1999-06-17,25.70042,25.70042,25.70042,25.70042,25.70042,25.70042,25.70042,25.70042,25.70042,25.70042,25.70042,25.70042,25.70042,25.70042,25.70042,25.70042,25.70042,25.70042,35.20042,42.70042,35.20042,25.70042,25.70042,25.70042
1999-06-18,25.70042,25.70042,25.70042,25.70042,25.70042,25.70042,25.70042,25.70042,25.70042,25.70042,25.70042,25.70042,25.70042,25.70042,25.70042,25.70042,25.70042,25.70042,34.20042,40.30042,34.20042,25.70042,25.70042,25.70042
1999-06-19,25.70042,25.70042,25.70042,25.70042,25.70042,25.70042,25.70042,25.70042,25.70042,25.70042,25.70042,25.70042,25.70042,25.70042,25.70042,25.70042,25.70042,25.70042,25.70042,30.70042,25.70042,25.70042,25.70042,25.70042
1999-06-20,25.70042,25.70042,25.70042,25.70042,25.70042,25.70042,25.70042,25.70042,25.70042,25.70042,25.70042,25.70042,30.20042,25.70042,25.70042,25.70042,25.70042,25.70042,25.70042,35.70042,35.70042,25.70042,25.70042,25.70042
1999-06-21,25.70042,25.70042,25.70042,25.70042,25.70042,25.70042,25.70042,25.70042,25.70042,25.70042,25.70042,25.80042,25.70042,25.70042,25.70042,25.70042,25.70042,25.70042,25.70042,29.70042,25.70042,25.70042,25.70042,25.70042
1999-06-22,25.70042,25.70042,25.70042,25.70042,25.70042,25.70042,25.70042,25.70042,25.70042,25.70042,25.70042,25.70042,25.70042,25.70042,25.70042,25.70042,25.70042,25.70042,28.30042,42.70042,28.30042,25.70042,25.70042,25.70042
1999-06-23,25.70042,25.70042,25.70042,25.70042,25.70042,25.70042,25.70042,25.70042,25.70042,25.70042,25.70042,25.70042,25.70042,25.70042,25.70042,25.70042,25.70042,25.70042,28.30042,28.30042,28.30042,25.70042,25.70042,25.70042
1999-06-24,25.70042,25.70042,25.70042,25.70042,25.70042,25.70042,25.70042,34.70042,34.70042,35.70042,35.70042,38.70042,35.70042,34.70042,34.70042,34.70042,34.70042,35.70042,34.70042,42.70042,34.70042,28.30042,25.70042,25.70042
1999-06-25,25.70042,25.70042,25.70042,25.70042,25.70042,25.70042,25.70042,25.70042,25.70042,25.70042,31.14342,34.70042,25.70042,25.70042,25.70042,25.70042,25.70042,25.70042,28.30042,34.70042,28.30042,28.30042,25.70042,25.70042
1999-06-26,25.70042,25.70042,25.70042,25.70042,25.70042,25.70042,25.70042,33.70042,25.70042,28.26342,33.70042,33.70042,33.70042,33.70042,33.70042,33.70042,28.26342,25.70042,33.70042,33.70042,33.70042,33.70042,25.70042,25.70042
1999-06-27,25.70042,25.70042,25.70042,25.70042,25.70042,25.70042,25.70042,25.70042,25.70042,25.70042,25.70042,25.70042,25.70042,25.70042,25.70042,25.70042,25.70042,25.70042,25.70042,25.70042,25.70042,25.70042,25.70042,25.70042
1999-06-28,25.70042,25.70042,25.70042,25.70042,25.70042,25.70042,25.70042,25.70042,25.70042,34.12642,34.12642,34.12642,34.12642,25.70042,25.70042,25.70042,25.70042,25.70042,28.30042,34.12642,34.12642,28.30042,25.70042,25.70042
1999-06-29,25.70042,25.70042,25.70042,25.70042,25.70042,25.70042,25.70042,25.70042,32.70042,32.70042,38.70042,42.70042,32.70042,25.70042,25.70042,25.70042,25.70042,25.70042,29.20042,42.70042,29.20042,28.07542,25.70042,25.70042
1999-06-30,25.70042,25.70042,25.70042,25.70042,25.70042,25.70042,25.70042,25.70042,25.70042,25.70042,25.70042,25.70042,25.70042,25.70042,25.70042,25.70042,25.70042,25.70042,32.26342,42.70042,32.26342,32.20042,25.70042,25.70042
1999-07-01,26.04764,26.04764,26.04764,26.04764,26.04764,26.04764,26.04764,26.04764,36.04764,36.04764,36.04764,39.04764,36.04764,36.04764,27.80664,27.80664,26.04764,26.04764,29.54764,36.04764,29.54764,32.54764,26.04764,26.04764
1999-07-02,26.04764,26.04764,26.04764,26.04764,26.04764,26.04764,26.04764,26.04764,36.04764,36.04764,32.54764,32.54764,32.54764,36.04764,26.04764,26.04764,26.04764,26.04764,29.54764,43.04764,36.04764,32.54764,26.04764,26.04764
1999-07-03,26.04764,26.04764,26.04764,26.04764,26.04764,26.04764,26.04764,26.04764,26.04764,26.04764,26.04764,26.04764,26.04764,26.04764,26.04764,26.04764,26.04764,26.04764,35.04764,35.04764,26.04764,26.04764,26.04764,26.04764
1999-07-04,26.04764,26.04764,26.04764,26.04764,26.04764,26.04764,26.04764,26.04764,26.04764,26.04764,26.04764,26.04764,26.04764,26.04764,26.04764,26.04764,26.04764,26.04764,26.04764,36.04764,26.04764,26.04764,26.04764,26.04764
1999-07-05,26.04764,26.04764,26.04764,26.04764,26.04764,26.04764,26.04764,26.04764,26.04764,26.04764,26.04764,26.04764,26.04764,26.04764,26.04764,26.04764,26.04764,26.04764,26.04764,36.04764,26.04764,26.04764,26.04764,26.04764
1999-07-06,26.04764,26.04764,26.04764,26.04764,26.04764,26.04764,26.04764,26.04764,26.04764,26.04764,26.04764,26.04764,26.04764,26.04764,26.04764,26.04764,26.04764,26.04764,26.04764,26.04764,26.04764,26.04764,26.04764,26.04764
1999-07-07,26.04764,26.04764,26.04764,26.04764,26.04764,26.04764,26.04764,26.04764,31.54764,31.04764,31.04764,35.04764,35.04764,31.54764,31.54764,31.54764,31.54764,31.54764,36.04764,43.04764,36.04764,31.54764,31.04764,26.04764
1999-07-08,26.04764,26.04764,26.04764,26.04764,26.04764,26.04764,31.04764,26.04764,26.04764,26.04764,26.04764,31.04764,26.04764,26.04764,26.04764,26.04764,26.04764,26.04764,35.04764,43.04764,35.04764,30.02464000000001,26.04764,26.04764
1999-07-09,26.04764,26.04764,26.04764,26.04764,26.04764,26.04764,26.04764,26.04764,26.04764,26.04764,26.04764,26.04764,26.04764,26.04764,26.04764,26.04764,26.04764,26.04764,26.04764,34.60164,26.04764,26.04764,26.04764,26.04764
1999-07-10,26.04764,26.04764,26.04764,26.04764,26.04764,26.04764,26.04764,26.04764,26.04764,26.04764,26.04764,26.04764,26.04764,26.04764,26.04764,26.04764,26.04764,26.04764,26.04764,29.39864,26.04764,26.04764,26.04764,26.04764
1999-07-11,26.04764,26.04764,26.04764,26.04764,26.04764,26.04764,26.04764,26.04764,26.04764,26.04764,26.04764,26.04764,26.04764,26.04764,26.04764,26.04764,26.04764,26.04764,26.04764,26.04764,26.04764,26.04764,26.04764,26.04764
1999-07-12,26.04764,26.04764,26.04764,26.04764,26.04764,26.04764,26.04764,26.04764,26.04764,26.04764,26.04764,26.04764,26.04764,26.04764,26.04764,26.04764,26.04764,26.04764,26.04764,26.04764,26.04764,26.04764,26.04764,26.04764
1999-07-13,26.04764,26.04764,26.04764,26.04764,26.04764,26.04764,26.04764,26.04764,26.04764,26.04764,26.04764,26.04764,26.04764,26.04764,26.04764,26.04764,26.04764,26.04764,26.04764,26.04764,26.04764,26.04764,26.04764,26.04764
1999-07-14,26.04764,26.04764,26.04764,26.04764,26.04764,26.04764,26.04764,26.04764,26.04764,26.04764,26.04764,26.04764,26.04764,26.04764,26.04764,26.04764,26.04764,26.04764,26.04764,35.04764,26.04764,30.04764,26.04764,26.04764
1999-07-15,26.04764,26.04764,26.04764,26.04764,26.04764,26.04764,26.04764,26.04764,26.04764,26.04764,26.04764,26.04764,26.04764,26.04764,26.04764,26.04764,26.04764,26.04764,26.04764,30.04764,26.04764,26.04764,26.04764,26.04764
1999-07-16,26.04764,29.17064,26.04764,29.17064,35.54764,26.04764,36.04764,36.04764,39.04764,26.04764,26.04764,29.17064,26.04764,36.04764,36.04764,36.04764,36.04764,36.04764,40.04764,41.14764,40.04764,40.04764,36.04764,26.04764
1999-07-17,26.04764,26.04764,26.04764,26.04764,26.04764,27.04764,27.04764,29.09664,36.04764,36.04764,29.09664,35.44764,35.44764,35.44764,27.04764,27.04764,27.04764,35.44764,35.44764,41.14764,41.04764,27.04764,33.04764,26.04764
1999-07-18,27.04764,27.04764,27.04764,27.04764,27.04764,27.04764,28.72464,31.04764,35.04764,27.04764,33.04764,33.04764,33.04764,35.04764,33.04764,31.04764,31.04764,36.04764,36.04764,36.04764,36.04764,31.04764,27.04764,27.04764
1999-07-19,27.04764,27.04764,27.04764,27.04764,27.04764,33.04764,34.04764,27.04764,33.04764,33.04764,33.30564,34.04764,33.04764,27.04764,27.04764,27.04764,27.04764,27.04764,38.54764,41.14764,41.04764,33.30564,27.04764,34.04764
1999-07-20,27.04764,27.04764,27.04764,27.04764,27.04764,27.04764,33.04764,33.54764,27.04764,27.04764,27.04764,27.04764,27.04764,27.04764,27.04764,27.04764,27.04764,33.04764,33.04764,43.04764,38.54764,35.04764,27.04764,33.04764
1999-07-21,27.04764,27.04764,27.04764,27.04764,27.04764,27.04764,27.04764,33.04764,33.86064,35.04764,35.04764,35.04764,35.04764,33.86064,33.04764,33.04764,33.04764,33.86064,43.04764,46.14764,43.04764,35.04764,27.04764,27.04764
1999-07-22,27.04764,27.04764,27.04764,27.04764,27.04764,27.04764,27.04764,35.04764,35.04764,35.04764,35.04764,35.04764,35.04764,35.04764,34.47664,34.47664,35.04764,35.04764,43.04764,46.04764,43.04764,35.04764,27.04764,27.04764
1999-07-23,27.04764,27.04764,27.04764,27.04764,27.04764,27.04764,27.04764,34.35464,34.54764,34.54764,34.54764,37.04764,34.54764,27.04764,27.04764,27.04764,27.04764,27.04764,34.35464,41.54764,41.54764,34.54764,27.04764,27.04764
1999-07-24,27.04764,27.04764,27.04764,27.04764,27.04764,27.04764,27.04764,27.04764,27.04764,27.04764,27.04764,27.04764,27.04764,27.04764,27.04764,27.04764,27.04764,34.04764,41.04764,42.04764,41.54764,27.04764,27.04764,27.04764
1999-07-25,27.04764,27.04764,27.04764,27.04764,27.04764,27.04764,27.04764,27.04764,27.04764,27.04764,27.04764,27.04764,27.04764,27.04764,27.04764,27.04764,27.04764,27.04764,27.04764,33.96664000000001,32.04764,27.04764,27.04764,27.04764
1999-07-26,27.04764,27.04764,27.04764,27.04764,27.04764,27.04764,35.04764,27.04764,27.04764,27.04764,27.04764,35.04764,27.04764,27.04764,27.04764,27.04764,27.04764,27.04764,41.54764,44.04764,41.54764,33.86764,27.04764,27.04764
1999-07-27,27.04764,27.04764,27.04764,27.04764,27.04764,32.04764,33.04764,27.04764,27.04764,27.04764,32.04764,32.04764,27.04764,27.04764,27.04764,27.04764,27.04764,27.04764,44.04764,46.04764,44.04764,32.04764,28.04764,27.04764
1999-07-28,27.14764,27.14764,27.14764,27.14764,28.04764,31.04764,27.04764,27.04764,27.04764,27.04764,27.14764,31.04764,27.14764,27.04764,27.04764,27.04764,27.04764,27.04764,40.54764,44.04764,40.04764,27.04764,27.14764,27.04764
1999-07-29,27.04764,27.04764,27.04764,27.04764,27.04764,27.04764,27.04764,27.04764,27.04764,27.04764,27.04764,27.04764,27.04764,27.04764,27.04764,27.04764,27.04764,27.04764,44.04764,46.14764,44.04764,27.04764,27.04764,27.04764
1999-07-30,27.04764,27.04764,27.04764,27.04764,27.04764,27.04764,27.04764,27.04764,27.04764,27.04764,27.04764,27.04764,27.04764,27.04764,27.04764,27.04764,27.04764,27.04764,28.04764,42.86764,28.04764,27.04764,27.04764,27.04764
1999-07-31,27.04764,27.04764,27.04764,27.04764,27.04764,27.04764,27.04764,27.04764,27.04764,27.04764,27.04764,27.04764,27.04764,27.04764,27.04764,27.04764,27.04764,27.04764,34.04764,35.54764,35.54764,27.04764,27.04764,27.04764
1999-08-01,27.9098,27.4098,27.4098,27.4098,27.4098,27.4098,27.4098,27.9098,29.4098,29.4098,29.4098,29.4098,29.4098,28.4098,27.9098,27.9098,27.9098,29.4098,29.4098,35.9098,35.9098,29.4098,28.4098,27.9098
1999-08-02,28.4098,28.4098,28.4098,28.4098,28.4098,29.4098,29.4098,29.4098,29.4098,29.4098,29.4098,29.4098,29.4098,29.4098,29.4098,29.4098,29.4098,29.4098,29.4098,43.4098,29.4098,29.4098,28.9098,28.4098
1999-08-03,28.4098,28.4098,28.4098,28.4098,28.4098,28.4098,29.4098,29.4098,31.4098,31.4098,31.4098,31.4098,31.4098,29.4098,29.4098,29.4098,29.4098,29.4098,31.4098,43.4098,31.4098,31.4098,28.4098,28.4098
1999-08-04,28.4098,28.4098,28.4098,28.4098,28.4098,29.4098,29.4098,29.4098,29.4098,29.4098,29.4098,29.4098,29.4098,29.4098,29.4098,29.4098,29.4098,29.4098,31.4098,43.4098,31.4098,29.4098,29.4098,28.4098
1999-08-05,29.4098,29.4098,29.4098,29.4098,29.4098,29.4098,29.4098,29.4098,29.4098,29.4098,29.4098,29.4098,29.4098,29.4098,29.4098,29.4098,29.4098,29.4098,29.4098,43.4098,30.1718,36.4098,31.4098,29.4098
1999-08-06,29.4098,29.4098,29.4098,29.4098,29.4098,29.4098,29.4098,29.4098,29.4098,29.4098,29.4098,29.4098,29.4098,29.4098,29.4098,29.4098,29.4098,29.4098,38.4098,43.4098,33.4098,29.4098,29.4098,29.4098
1999-08-07,29.4098,29.4098,29.4098,29.4098,29.4098,29.4098,29.4098,29.4098,29.4098,29.4098,29.4098,29.4098,29.4098,29.4098,29.4098,29.4098,29.4098,29.4098,29.4098,35.4098,29.4098,29.4098,29.4098,29.4098
1999-08-08,29.4098,29.4098,29.4098,29.4098,29.4098,29.4098,29.4098,29.4098,29.4098,29.4098,29.4098,29.4098,29.4098,29.4098,29.4098,29.4098,29.4098,29.4098,33.4098,35.2098,33.4098,29.4098,29.4098,29.4098
1999-08-09,29.4098,29.4098,29.4098,29.4098,29.4098,29.4098,29.4098,29.4098,29.4098,29.4098,29.4098,29.4098,29.4098,29.4098,29.4098,29.4098,29.4098,29.4098,45.4098,45.4098,45.4098,29.4098,29.4098,29.4098
1999-08-10,29.4098,29.4098,29.4098,29.4098,29.4098,29.4098,29.4098,29.4098,29.4098,29.4098,29.4098,29.4098,29.4098,29.4098,29.4098,29.4098,29.4098,29.4098,45.4098,47.4098,45.4098,29.4098,29.4098,29.4098
1999-08-11,29.4098,29.4098,29.4098,29.4098,29.4098,29.4098,29.4098,29.4098,29.4098,29.4098,29.4098,29.4098,29.4098,29.4098,29.4098,29.4098,29.4098,29.4098,37.4098,45.4098,37.4098,29.4098,29.4098,29.4098
1999-08-12,29.4098,29.4098,29.4098,29.4098,29.4098,29.4098,29.4098,29.4098,29.4098,29.4098,29.4098,29.4098,29.4098,29.4098,29.4098,29.4098,29.4098,29.4098,45.4098,45.4098,45.4098,29.4098,29.4098,29.4098
1999-08-13,29.4098,29.4098,29.4098,29.4098,29.4098,29.4098,33.0238,37.4098,30.4098,30.4098,30.4098,30.4098,30.4098,30.4098,30.4098,30.4098,30.4098,30.4098,39.4098,45.4098,39.4098,30.4098,29.4098,29.4098
1999-08-14,30.4098,30.4098,30.4098,30.4098,30.4098,30.4098,29.4098,30.4098,30.4098,30.4098,30.4098,30.4098,30.4098,30.4098,30.4098,30.4098,30.4098,30.4098,30.4098,30.4098,30.4098,30.4098,35.4098,30.4098
1999-08-15,30.4098,30.4098,30.4098,30.4098,30.4098,30.4098,30.4098,30.4098,30.4098,30.4098,30.4098,30.4098,30.4098,30.4098,30.4098,30.4098,30.4098,30.4098,30.4098,30.4098,30.4098,30.4098,30.4098,30.4098
1999-08-16,30.4098,30.4098,30.4098,30.4098,30.4098,30.4098,30.4098,30.4098,30.4098,30.4098,30.4098,30.4098,30.4098,30.4098,30.4098,30.4098,30.4098,30.4098,30.4098,34.4098,30.4098,30.4098,30.4098,30.4098
1999-08-17,30.4098,30.4098,30.4098,30.4098,30.4098,30.4098,30.4098,30.4098,30.4098,30.4098,30.4098,30.4098,30.4098,30.4098,30.4098,30.4098,30.4098,30.4098,45.4098,47.4098,45.4098,30.4098,30.4098,30.4098
1999-08-18,30.4098,30.4098,30.4098,30.4098,30.4098,30.4098,30.4098,30.4098,30.4098,30.4098,30.4098,30.4098,30.4098,30.4098,30.4098,30.4098,30.4098,30.4098,45.4098,47.4098,45.4098,30.4098,30.4098,30.4098
1999-08-19,30.4098,30.4098,30.4098,30.4098,30.4098,30.4098,30.4098,30.4098,30.4098,30.4098,30.4098,30.4098,30.4098,30.4098,30.4098,30.4098,30.4098,30.4098,45.4098,45.4098,39.4098,30.4098,30.4098,30.4098
1999-08-20,30.4098,30.4098,30.4098,30.4098,30.4098,30.4098,30.4098,30.4098,30.4098,30.4098,30.4098,30.4098,30.4098,30.4098,30.4098,30.4098,30.4098,30.4098,30.4098,39.4098,30.4098,30.4098,30.4098,30.4098
1999-08-21,30.4098,30.4098,30.4098,30.4098,30.4098,30.4098,30.4098,30.4098,30.4098,30.4098,30.4098,30.4098,30.4098,30.4098,30.4098,30.4098,30.4098,30.4098,30.4098,30.4098,30.4098,30.4098,30.4098,30.4098
1999-08-22,30.4098,30.4098,30.4098,30.4098,30.4098,30.4098,30.4098,30.4098,30.4098,30.4098,30.4098,30.4098,30.4098,30.4098,30.4098,30.4098,30.4098,30.4098,30.4098,30.4098,30.4098,30.4098,30.4098,30.4098
1999-08-23,30.4098,30.4098,30.4098,30.4098,30.4098,30.4098,30.4098,30.4098,30.4098,30.4098,30.4098,30.4098,30.4098,30.4098,30.4098,30.4098,30.4098,30.4098,35.4098,39.4098,30.4098,30.4098,30.4098,30.4098
1999-08-24,30.4098,30.4098,30.4098,30.4098,30.4098,30.4098,30.4098,30.4098,30.4098,30.4098,30.4098,30.4098,30.4098,30.4098,30.4098,30.4098,30.4098,30.4098,30.4098,39.4098,30.4098,30.4098,30.4098,30.4098
1999-08-25,30.4098,30.4098,30.4098,30.4098,30.4098,30.4098,30.4098,36.4098,36.4098,36.4098,36.4098,39.4098,36.4098,36.4098,35.4098,30.4098,30.4098,36.4098,45.4098,48.4098,45.4098,36.4098,30.4098,30.4098
1999-08-26,30.4098,30.4098,30.4098,30.4098,30.4098,30.4098,30.4098,31.4098,31.4098,31.4098,31.4098,38.9098,31.4098,31.4098,31.4098,31.4098,31.4098,31.4098,48.4098,59.18380000000001,45.4098,31.4098,30.4098,30.4098
1999-08-27,30.4098,30.4098,30.4098,30.4098,30.4098,31.4098,31.4098,31.4098,31.4098,31.4098,42.4098,42.4098,42.4098,31.4098,31.4098,31.4098,31.4098,42.4098,48.4098,48.60980000000001,45.4098,42.4098,30.4098,30.4098
1999-08-28,30.4098,30.4098,30.4098,30.4098,30.4098,31.4098,31.4098,31.4098,38.4098,38.4098,38.4098,39.3098,39.3098,38.4098,31.4098,31.4098,31.4098,38.4098,39.4098,45.4098,39.4098,31.4098,31.4098,31.4098
1999-08-29,32.4098,31.4098,31.4098,31.4098,31.4098,31.4098,33.4098,31.4098,31.4098,31.4098,31.4098,31.4098,31.4098,31.4098,31.4098,31.4098,31.4098,31.4098,31.4098,31.4098,31.4098,31.4098,31.4098,31.4098
1999-08-30,31.4098,31.4098,31.4098,31.4098,31.4098,31.4098,31.4098,31.4098,31.4098,31.4098,31.4098,38.4098,31.4098,31.4098,31.4098,31.4098,31.4098,31.4098,41.4098,45.4098,39.9098,38.4098,33.4098,31.4098
1999-08-31,31.4098,31.4098,31.4098,31.4098,31.4098,31.4098,31.4098,31.4098,31.4098,31.4098,38.4098,38.4098,38.4098,31.4098,31.4098,31.4098,31.4098,31.4098,40.9098,45.4098,40.9098,31.4098,31.4098,31.4098
1999-09-01,32.67038,32.67038,32.67038,32.67038,32.67038,32.67038,32.67038,32.67038,32.67038,32.67038,40.17038,40.17038,40.17038,32.67038,32.67038,32.67038,32.67038,40.17038,49.67037999999999,49.67037999999999,44.67037999999999,40.17038,32.67038,32.67038
1999-09-02,32.67038,32.67038,32.67038,32.67038,32.67038,32.67038,32.67038,32.67038,32.67038,32.67038,32.67038,32.67038,32.67038,32.67038,32.67038,32.67038,32.67038,32.67038,44.67037999999999,44.67037999999999,43.17037999999999,32.67038,32.67038,32.67038
1999-09-03,32.67038,32.67038,32.67038,32.67038,32.67038,32.67038,32.67038,32.67038,32.67038,32.67038,32.67038,32.67038,32.67038,32.67038,32.67038,32.67038,32.67038,32.67038,42.17037999999999,42.17037999999999,40.67038,32.67038,32.67038,32.67038
1999-09-04,32.67038,32.67038,32.67038,32.67038,32.67038,32.67038,32.67038,32.67038,32.67038,32.67038,32.67038,32.67038,32.67038,32.67038,32.67038,32.67038,32.67038,32.67038,40.67038,42.17037999999999,40.67038,32.67038,32.67038,32.67038
1999-09-05,32.67038,32.67038,32.67038,32.67038,32.67038,32.67038,32.67038,32.67038,32.67038,32.67038,32.67038,32.67038,32.67038,32.67038,32.67038,32.67038,32.67038,32.67038,32.67038,32.67038,32.67038,32.67038,32.67038,32.67038
1999-09-06,32.67038,32.67038,32.67038,32.67038,32.67038,32.67038,32.67038,32.67038,32.67038,32.67038,32.67038,32.67038,32.67038,32.67038,32.67038,32.67038,32.67038,32.67038,44.67037999999999,45.17037999999999,44.67037999999999,32.67038,32.67038,32.67038
1999-09-07,32.67038,32.67038,32.67038,32.67038,32.67038,32.67038,32.67038,32.67038,32.67038,32.67038,41.67037999999999,41.67037999999999,34.67038,32.67038,32.67038,32.67038,32.67038,34.67038,45.17037999999999,49.67037999999999,45.17037999999999,41.67037999999999,32.67038,32.67038
1999-09-08,32.67038,32.67038,32.67038,32.67038,32.67038,32.67038,43.65038,43.65038,43.65038,43.65038,43.65038,43.65038,43.65038,43.65038,43.65038,43.65038,43.65038,43.65038,45.17037999999999,49.67037999999999,45.17037999999999,43.65038,32.67038,32.67038
1999-09-09,31.17038,31.17038,31.17038,31.17038,31.17038,32.67038,32.67038,32.67038,34.67038,34.67038,37.67038,37.67038,37.67038,32.67038,32.67038,32.67038,32.67038,32.67038,45.07037999999999,45.07037999999999,44.67037999999999,32.67038,31.17038,31.17038
1999-09-10,31.17038,31.17038,31.17038,31.17038,31.17038,31.17038,32.67038,32.67038,32.67038,32.67038,32.67038,32.67038,32.67038,32.67038,32.67038,31.17038,32.67038,31.17038,44.67037999999999,44.67037999999999,32.67038,32.67038,31.17038,31.17038
1999-09-11,31.17038,31.17038,31.17038,31.17038,31.17038,31.17038,31.17038,31.17038,31.17038,31.17038,31.17038,31.17038,31.17038,31.17038,31.17038,31.17038,31.17038,31.17038,40.67038,44.67037999999999,31.17038,31.17038,31.17038,31.17038
1999-09-12,31.17038,31.17038,31.17038,31.17038,31.17038,31.17038,31.17038,31.17038,31.17038,31.17038,31.17038,31.17038,31.17038,31.17038,31.17038,31.17038,31.17038,31.17038,31.17038,31.17038,31.17038,31.17038,31.17038,31.17038
1999-09-13,31.17038,31.17038,31.17038,31.17038,31.17038,31.17038,31.17038,31.17038,31.17038,31.17038,31.17038,31.17038,31.17038,31.17038,37.17038,37.17038,37.17038,31.17038,44.67037999999999,44.67037999999999,40.67038,31.17038,31.17038,31.17038
1999-09-14,31.17038,31.17038,31.17038,31.17038,31.17038,31.17038,31.17038,31.17038,31.17038,31.17038,31.17038,31.17038,31.17038,31.17038,31.17038,31.17038,31.17038,31.17038,44.67037999999999,44.67037999999999,42.67037999999999,31.17038,31.17038,31.17038
1999-09-15,31.17038,31.17038,31.17038,31.17038,31.17038,31.17038,31.17038,31.17038,31.17038,31.17038,31.17038,32.67138,31.17038,31.17038,31.17038,31.17038,31.17038,31.17038,44.67037999999999,44.67037999999999,42.67037999999999,31.17038,31.17038,31.17038
1999-09-16,31.17038,31.17038,31.17038,31.17038,31.17038,31.17038,31.17038,31.17038,31.17038,31.17038,31.17038,31.17038,31.17038,31.17038,31.17038,31.17038,31.17038,31.17038,44.67037999999999,44.67037999999999,40.67038,31.17038,31.17038,31.17038
1999-09-17,31.17038,31.17038,31.17038,31.17038,31.17038,31.17038,31.17038,31.17038,31.17038,31.17038,31.17038,31.17038,31.17038,31.17038,31.17038,31.17038,31.17038,31.17038,42.07037999999999,42.07037999999999,42.07037999999999,31.17038,31.17038,31.17038
1999-09-18,31.17038,31.17038,31.17038,31.17038,31.17038,31.17038,31.17038,31.17038,31.17038,31.17038,31.17038,31.17038,32.67138,31.17038,31.17038,31.17038,31.17038,31.17038,39.67038,42.67037999999999,39.67038,31.17038,31.17038,31.17038
1999-09-19,31.17038,31.17038,31.17038,31.17038,31.17038,31.17038,31.17038,31.17038,31.17038,31.17038,31.17038,31.17038,31.17038,31.17038,31.17038,31.17038,31.17038,31.17038,31.17038,36.66038,31.17038,31.17038,31.17038,31.17038
1999-09-20,31.17038,31.17038,31.17038,31.17038,31.17038,31.17038,31.17038,31.17038,31.17038,31.17038,31.17038,31.17038,31.17038,31.17038,31.17038,31.17038,31.17038,31.17038,44.67037999999999,44.67037999999999,39.67038,31.17038,31.17038,31.17038
1999-09-21,31.17038,31.17038,31.17038,31.17038,31.17038,31.17038,31.17038,31.17038,31.17038,31.17038,31.17038,31.17038,31.17038,31.17038,31.17038,31.17038,31.17038,31.17038,44.67037999999999,44.67037999999999,40.67038,31.17038,31.17038,31.17038
1999-09-22,31.17038,31.17038,31.17038,31.17038,31.17038,31.17038,31.17038,31.17038,31.17038,31.17038,31.17038,31.17038,31.17038,31.17038,31.17038,31.17038,31.17038,31.17038,44.67037999999999,44.67037999999999,31.17038,31.17038,31.17038,31.17038
1999-09-23,31.17038,31.17038,31.17038,31.17038,31.17038,31.17038,31.17038,31.17038,31.17038,31.17038,31.17038,31.17038,31.17038,31.17038,31.17038,31.17038,31.17038,31.17038,44.67037999999999,44.67037999999999,42.67037999999999,31.17038,31.17038,31.17038
1999-09-24,31.17038,31.17038,31.17038,31.17038,31.17038,31.17038,31.17038,31.17038,31.17038,31.17038,31.17038,31.17038,31.17038,31.17038,31.17038,31.17038,31.17038,31.17038,44.67037999999999,44.67037999999999,31.17038,31.17038,31.17038,31.17038
1999-09-25,31.17038,31.17038,31.17038,31.17038,31.17038,31.17038,31.17038,31.17038,31.17038,31.17038,31.17038,31.17038,31.17038,31.17038,31.17038,31.17038,31.17038,31.17038,41.33238,42.67037999999999,31.17038,31.17038,31.17038,31.17038
1999-09-26,31.17038,31.17038,31.17038,31.17038,31.17038,31.17038,31.17038,31.17038,31.17038,31.17038,31.17038,31.17038,31.17038,31.17038,31.17038,31.17038,31.17038,31.17038,31.17038,31.17038,31.17038,31.17038,31.17038,31.17038
1999-09-27,31.17038,31.17038,31.17038,31.17038,31.17038,31.17038,31.17038,31.17038,31.17038,31.17038,31.17038,31.17038,31.17038,31.17038,31.17038,31.17038,31.17038,43.67037999999999,45.17037999999999,45.17037999999999,44.67037999999999,35.46438,31.17038,31.17038
1999-09-28,31.17038,31.17038,31.17038,31.17038,31.17038,31.17038,31.17038,31.17038,31.17038,31.17038,31.17038,38.03838,31.17038,38.17038,38.17038,38.17038,38.17038,43.67037999999999,45.17037999999999,44.67037999999999,43.67037999999999,31.17038,31.17038,31.17038
1999-09-29,31.17038,31.17038,31.17038,31.17038,31.17038,31.17038,31.17038,31.17038,31.17038,31.17038,31.17038,31.17038,31.17038,31.17038,31.17038,31.17038,31.17038,37.67038,44.67037999999999,44.67037999999999,42.67037999999999,36.47438,31.17038,31.17038
1999-09-30,31.17038,31.17038,31.17038,31.17038,31.17038,31.17038,31.17038,31.17038,31.17038,31.17038,35.67038,37.67038,31.17038,31.17038,31.17038,31.17038,31.17038,31.17038,44.67037999999999,44.67037999999999,44.67037999999999,31.17038,31.17038,31.17038
1999-10-01,29.57862,29.57862,29.57862,29.57862,29.57862,29.57862,29.57862,29.57862,30.07862,30.07862,34.07862,34.07862,29.57862,29.57862,29.57862,29.57862,29.57862,34.07862,43.07862,43.07862,37.61962,30.07862,29.57862,29.57862
1999-10-02,29.57862,29.57862,29.57862,29.57862,29.57862,29.57862,29.57862,29.57862,29.57862,29.57862,29.57862,29.57862,36.07862,30.07862,29.57862,29.57862,29.57862,34.07862,43.07862,44.07862,43.07862,29.57862,29.57862,29.57862
1999-10-03,29.57862,29.57862,29.57862,29.57862,29.57862,29.57862,29.57862,29.57862,29.57862,29.57862,29.57862,29.57862,29.57862,29.57862,29.57862,29.57862,29.57862,29.57862,38.79062,43.07862,30.07862,30.07862,29.57862,29.57862
1999-10-04,29.57862,29.57862,29.57862,29.57862,29.57862,29.57862,30.07862,30.07862,36.07862,36.07862,30.07862,30.07862,30.07862,36.07862,36.07862,36.07862,36.07862,39.07862,44.07862,44.07862,42.07862,39.07862,30.07862,29.57862
1999-10-05,30.07862,30.07862,30.07862,30.07862,30.07862,30.07862,30.07862,30.07862,30.07862,30.07862,36.38762000000001,36.38762000000001,30.07862,39.07762,39.07762,39.07762,39.07862,39.07862,44.07862,44.07862,44.07862,30.07862,30.07862,30.07862
1999-10-06,30.07862,30.07862,30.07862,30.07862,30.07862,30.07862,30.07862,30.07862,30.07862,30.07862,30.07862,30.07862,30.07862,30.07862,30.07862,30.07862,30.07862,30.07862,43.57862,43.57862,30.07862,30.07862,30.07862,30.07862
1999-10-07,30.07862,30.07862,30.07862,30.07862,30.07862,30.07862,30.07862,30.07862,30.07862,30.07862,30.07862,37.78162,30.07862,30.07862,30.07862,30.07862,30.07862,39.07862,45.57862,44.07862,43.57862,39.07862,30.07862,30.07862
1999-10-08,30.07862,30.07862,30.07862,30.07862,30.07862,30.07862,30.07862,30.07862,30.07862,30.07862,30.07862,30.07862,30.07862,30.07862,30.07862,30.07862,30.07862,30.07862,45.02862,44.07862,43.57862,30.07862,30.07862,30.07862
1999-10-09,30.07862,30.07862,30.07862,30.07862,30.07862,30.07862,30.07862,30.07862,30.07862,30.07862,30.07862,30.07862,30.07862,30.07862,30.07862,30.07862,30.07862,39.06862,44.07862,44.07862,43.57862,30.07862,30.07862,30.07862
1999-10-10,30.07862,30.07862,30.07862,30.07862,30.07862,30.07862,30.07862,30.07862,30.07862,30.07862,30.07862,30.07862,30.07862,30.07862,30.07862,30.07862,30.07862,30.07862,30.07862,41.92562,30.07862,30.07862,30.07862,30.07862
1999-10-11,30.07862,30.07862,30.07862,30.07862,30.07862,30.07862,30.07862,30.07862,30.07862,30.07862,30.07862,30.07862,30.07862,30.07862,30.07862,30.07862,30.07862,30.07862,46.07862,45.07862,45.07862,30.07862,30.07862,30.07862
1999-10-12,30.07862,30.07862,30.07862,30.07862,30.07862,30.07862,30.07862,30.07862,30.07862,30.07862,40.52262,43.57862,40.52262,39.07862,39.07862,39.07862,39.07862,43.57862,46.07862,46.07862,45.07862,40.52262,30.07862,30.07862
1999-10-13,30.07862,30.07862,30.07862,30.07862,30.07862,30.07862,30.07862,30.07862,30.07862,30.07862,30.07862,30.07862,30.07862,30.07862,30.07862,30.07862,30.07862,30.07862,45.07862,45.07862,44.57862,30.07862,30.07862,30.07862
1999-10-14,30.07862,30.07862,30.07862,30.07862,30.07862,30.07862,30.07862,30.07862,30.07862,30.07862,30.07862,30.07862,30.07862,43.07862,43.07862,37.93862,43.07862,30.07862,46.07862,46.07862,43.57862,30.07862,30.07862,30.07862
1999-10-15,30.07862,30.07862,30.07862,30.07862,30.07862,30.07862,30.07862,30.07862,30.07862,30.07862,30.07862,30.07862,36.25262,30.07862,30.07862,30.07862,30.07862,42.07862,46.07862,43.57862,36.25262,30.07862,30.07862,30.07862
1999-10-16,30.07862,30.07862,30.07862,30.07862,30.07862,30.07862,30.07862,30.07862,30.07862,30.07862,30.07862,30.07862,30.07862,30.07862,30.07862,30.07862,30.07862,30.07862,45.07862,45.07862,43.57862,30.07862,30.07862,30.07862
1999-10-17,30.07862,30.07862,30.07862,30.07862,30.07862,30.07862,30.07862,30.07862,30.07862,30.07862,30.07862,30.07862,30.07862,30.07862,30.07862,30.07862,30.07862,30.07862,30.07862,30.07862,30.07862,30.07862,30.07862,30.07862
1999-10-18,30.07862,30.07862,30.07862,30.07862,30.07862,30.07862,30.07862,30.07862,30.07862,30.07862,30.07862,30.07862,30.07862,30.07862,30.07862,30.07862,30.07862,30.07862,30.07862,43.57862,30.07862,30.07862,30.07862,30.07862
1999-10-19,30.07862,30.07862,30.07862,30.07862,30.07862,30.07862,30.07862,30.07862,30.07862,30.07862,30.07862,30.07862,30.07862,30.07862,30.07862,30.07862,30.07862,30.07862,45.07862,45.07862,43.57862,30.07862,30.07862,30.07862
1999-10-20,30.07862,30.07862,30.07862,30.07862,30.07862,30.07862,30.07862,30.07862,30.07862,30.07862,30.07862,30.07862,30.07862,30.07862,30.07862,30.07862,30.07862,30.07862,45.17862,45.17862,43.57862,30.07862,30.07862,30.07862
1999-10-21,30.07862,30.07862,30.07862,30.07862,30.07862,30.07862,30.07862,30.07862,40.23362,40.23362,30.07862,30.07862,30.07862,30.07862,30.07862,30.07862,30.07862,40.23362,46.07862,43.57862,40.23362,30.07862,30.07862,30.07862
1999-10-22,30.07862,30.07862,30.07862,30.07862,30.07862,30.07862,30.07862,30.07862,30.07862,30.07862,30.07862,30.07862,30.07862,30.07862,30.07862,30.07862,30.07862,34.02962,45.07862,45.07862,43.57862,30.07862,30.07862,30.07862
1999-10-23,30.07862,30.07862,30.07862,30.07862,30.07862,30.07862,30.07862,30.07862,30.07862,30.07862,30.07862,30.07862,30.07862,30.07862,30.07862,30.07862,30.07862,30.07862,43.57862,43.57862,30.07862,30.07862,30.07862,30.07862
1999-10-24,30.07862,30.07862,30.07862,30.07862,30.07862,30.07862,30.07862,30.07862,30.07862,30.07862,30.07862,30.07862,30.07862,30.07862,30.07862,30.07862,30.07862,30.07862,43.57862,43.57862,30.07862,30.07862,30.07862,30.07862
1999-10-25,30.07862,30.07862,30.07862,30.07862,30.07862,30.07862,30.07862,30.07862,30.07862,30.07862,30.07862,37.23262,30.07862,30.07862,30.07862,30.07862,30.07862,42.07862,46.07862,46.07862,43.57862,30.07862,30.07862,30.07862
1999-10-26,30.07862,30.07862,30.07862,30.07862,30.07862,30.07862,30.07862,30.07862,30.07862,30.07862,37.77362,43.57862,30.07862,30.07862,30.07862,30.07862,30.07862,43.57862,46.07862,46.07862,43.57862,30.07862,30.07862,30.07862
1999-10-27,30.07862,30.07862,30.07862,30.07862,30.07862,30.07862,30.07862,30.07862,30.07862,30.07862,30.07862,37.36162,43.57862,43.57862,43.57862,43.57862,37.36162,43.97862,46.07862,46.07862,43.57862,30.07862,30.07862,30.07862
1999-10-28,30.07862,30.07862,30.07862,30.07862,30.07862,30.07862,30.07862,30.07862,30.07862,30.07862,30.07862,40.07862,30.07862,30.07862,30.07862,30.07862,30.07862,43.07862,46.07862,46.07862,43.57862,30.07862,30.07862,30.07862
1999-10-29,30.07862,30.07862,30.07862,30.07862,30.07862,30.07862,30.07862,30.07862,30.07862,30.07862,30.07862,30.87262,30.07862,30.07862,30.07862,30.07862,30.07862,30.87262,46.07862,46.07862,43.57862,30.07862,30.07862,30.07862
1999-10-30,30.07862,30.07862,30.07862,30.07862,30.07862,30.07862,30.07862,30.07862,30.07862,30.07862,30.07862,30.07862,30.07862,30.07862,30.07862,30.07862,30.07862,30.07862,43.57862,43.57862,39.07862,30.07862,30.07862,30.07862
1999-10-31,30.07862,30.07862,30.07862,30.07862,30.07862,30.07862,30.07862,30.07862,30.07862,30.07862,30.07862,30.07862,30.07862,30.07862,30.07862,30.07862,30.07862,30.07862,30.07862,30.07862,30.07862,30.07862,30.07862,30.07862
1999-11-01,30.18129,30.18129,30.18129,30.18129,30.18129,30.18129,30.18129,30.18129,30.18129,30.18129,30.18129,30.18129,30.18129,30.18129,30.18129,30.18129,30.18129,30.18129,43.68129,43.68129,30.18129,30.18129,30.18129,30.18129
1999-11-02,30.18129,30.18129,30.18129,30.18129,30.18129,30.18129,30.18129,30.18129,30.18129,30.18129,30.18129,30.18129,30.18129,30.18129,30.18129,30.18129,30.18129,42.18129,46.18129,46.18129,43.68129,30.18129,30.18129,30.18129
1999-11-03,30.18129,30.18129,30.18129,30.18129,30.18129,30.18129,30.18129,30.18129,30.18129,30.18129,30.18129,30.18129,30.18129,30.18129,30.18129,30.18129,30.18129,30.18129,47.18129,47.18129,43.68129,30.18129,30.18129,30.18129
1999-11-04,30.18129,30.18129,30.18129,30.18129,30.18129,30.18129,30.18129,30.18129,30.18129,30.18129,30.18129,30.18129,30.18129,30.18129,30.18129,30.18129,30.18129,30.18129,47.18129,46.18129,43.68129,30.18129,30.18129,30.18129
1999-11-05,30.18129,30.18129,30.18129,30.18129,30.18129,30.18129,30.18129,30.18129,30.18129,30.18129,30.18129,30.18129,30.18129,30.18129,30.18129,30.18129,30.18129,30.18129,47.18129,46.18129,30.18129,30.18129,30.18129,30.18129
1999-11-06,30.18129,30.18129,30.18129,30.18129,30.18129,30.18129,30.18129,30.18129,30.18129,30.18129,30.18129,30.18129,30.18129,30.18129,30.18129,30.18129,30.18129,30.18129,43.68129,43.68129,30.18129,30.18129,30.18129,30.18129
1999-11-07,30.18129,30.18129,30.18129,30.18129,30.18129,30.18129,30.18129,30.18129,30.18129,30.18129,30.18129,30.18129,30.18129,30.18129,30.18129,30.18129,30.18129,30.18129,30.18129,30.18129,30.18129,30.18129,30.18129,30.18129
1999-11-08,30.18129,30.18129,30.18129,30.18129,30.18129,30.18129,30.18129,30.18129,30.18129,30.18129,30.18129,30.18129,30.18129,30.18129,30.18129,30.18129,30.18129,30.18129,47.18129,46.18129,43.68129,30.18129,30.18129,30.18129
1999-11-09,30.18129,30.18129,30.18129,30.18129,30.18129,30.18129,30.18129,30.18129,30.18129,30.18129,30.18129,30.18129,30.18129,30.18129,30.18129,30.18129,30.18129,30.18129,47.18129,46.18129,43.68129,30.18129,30.18129,30.18129
1999-11-10,30.18129,30.18129,30.18129,30.18129,30.18129,30.18129,30.18129,30.18129,30.18129,30.18129,30.18129,30.18129,30.18129,30.18129,30.18129,30.18129,30.18129,30.18129,47.18129,46.18129,43.68129,30.18129,30.18129,30.18129
1999-11-11,30.18129,30.18129,30.18129,30.18129,30.18129,30.18129,30.18129,30.18129,30.18129,30.18129,30.18129,30.18129,30.18129,30.18129,30.18129,30.18129,30.18129,30.18129,43.68129,43.68129,30.18129,30.18129,30.18129,30.18129
1999-11-12,30.18129,30.18129,30.18129,30.18129,30.18129,30.18129,30.18129,30.18129,30.18129,30.18129,30.18129,30.18129,30.18129,30.18129,30.18129,30.18129,30.18129,30.18129,46.18129,43.68129,34.02629,30.18129,30.18129,30.18129
1999-11-13,30.18129,30.18129,30.18129,30.18129,30.18129,30.18129,30.18129,30.18129,30.18129,30.18129,30.18129,30.18129,30.18129,30.18129,30.18129,30.18129,30.18129,30.18129,43.68129,43.68129,43.68129,30.18129,30.18129,30.18129
1999-11-14,30.18129,30.18129,30.18129,30.18129,30.18129,30.18129,30.18129,30.18129,30.18129,30.18129,30.18129,30.18129,30.18129,30.18129,30.18129,30.18129,30.18129,30.18129,30.18129,43.68129,30.18129,30.18129,30.18129,30.18129
1999-11-15,30.18129,30.18129,30.18129,30.18129,30.18129,30.18129,30.18129,30.18129,30.18129,30.18129,30.18129,30.18129,30.18129,30.18129,30.18129,30.18129,30.18129,30.18129,40.38329,43.68129,30.18129,30.18129,30.18129,30.18129
1999-11-16,30.18129,30.18129,30.18129,30.18129,30.18129,30.18129,30.18129,30.18129,30.18129,30.18129,30.18129,30.18129,30.18129,30.18129,30.18129,30.18129,30.18129,41.18129,47.18129,43.68129,40.39329,30.18129,30.18129,30.18129
1999-11-17,30.18129,30.18129,30.18129,30.18129,30.18129,30.18129,30.18129,30.18129,30.18129,30.18129,30.18129,30.18129,30.18129,30.18129,30.18129,30.18129,30.18129,43.18129,47.18129,47.18129,43.68129,30.18129,30.18129,30.18129
1999-11-18,30.18129,30.18129,30.18129,30.18129,30.18129,30.18129,30.18129,30.18129,30.18129,30.18129,30.18129,30.18129,30.18129,30.18129,30.18129,30.18129,30.18129,43.68129,47.18129,46.18129,43.68129,30.18129,30.18129,30.18129
1999-11-19,30.18129,30.18129,30.18129,30.18129,30.18129,30.18129,30.18129,30.18129,41.18129,30.18129,30.18129,30.18129,30.18129,30.18129,30.18129,30.18129,30.18129,43.18129,47.18129,46.18129,43.68129,30.18129,30.18129,30.18129
1999-11-20,30.18129,30.18129,30.18129,30.18129,30.18129,30.18129,30.18129,30.18129,30.18129,30.18129,30.18129,30.18129,30.18129,30.18129,30.18129,30.18129,30.18129,30.18129,44.18129,44.18129,43.68129,30.18129,30.18129,30.18129
1999-11-21,30.18129,30.18129,30.18129,30.18129,30.18129,30.18129,30.18129,30.18129,30.18129,30.18129,30.18129,30.18129,30.18129,30.18129,30.18129,30.18129,30.18129,30.18129,41.18129,41.18129,32.18129,30.18129,30.18129,30.18129
1999-11-22,30.18129,30.18129,30.18129,30.18129,30.18129,30.18129,30.18129,30.18129,30.18129,30.18129,30.18129,30.18129,30.18129,30.18129,30.18129,30.18129,30.18129,40.18129,46.18129,46.18129,43.68129,30.18129,30.18129,30.18129
1999-11-23,30.18129,30.18129,30.18129,30.18129,30.18129,30.18129,30.18129,30.18129,30.18129,30.18129,30.18129,30.18129,30.18129,30.18129,30.18129,30.18129,30.18129,43.68129,47.18129,47.18129,43.68129,30.18129,30.18129,30.18129
1999-11-24,30.18129,30.18129,30.18129,30.18129,30.18129,30.18129,30.18129,30.18129,30.18129,30.18129,30.18129,30.18129,30.18129,30.18129,30.18129,30.18129,30.18129,30.18129,47.18129,46.18129,43.68129,30.18129,30.18129,30.18129
1999-11-25,30.18129,30.18129,30.18129,30.18129,30.18129,30.18129,30.18129,30.18129,30.18129,30.18129,30.18129,39.18129,30.18129,30.18129,30.18129,30.18129,30.18129,30.18129,47.18129,47.18129,43.68129,30.18129,30.18129,30.18129
1999-11-26,30.18129,30.18129,30.18129,30.18129,30.18129,30.18129,30.18129,30.18129,30.18129,30.18129,30.18129,30.18129,30.18129,30.18129,30.18129,30.18129,30.18129,30.18129,47.18129,43.68129,30.18129,30.18129,30.18129,30.18129
1999-11-27,30.18129,30.18129,30.18129,30.18129,30.18129,30.18129,30.18129,30.18129,30.18129,30.18129,30.18129,30.18129,30.18129,30.18129,30.18129,30.18129,30.18129,30.18129,43.68129,43.68129,30.18129,30.18129,30.18129,30.18129
1999-11-28,30.18129,30.18129,30.18129,30.18129,30.18129,30.18129,30.18129,30.18129,30.18129,30.18129,30.18129,30.18129,30.18129,30.18129,30.18129,30.18129,30.18129,30.18129,30.18129,30.18129,30.18129,30.18129,30.18129,30.18129
1999-11-29,30.18129,30.18129,30.18129,30.18129,30.18129,30.18129,30.18129,30.18129,30.18129,30.18129,30.18129,30.18129,30.18129,30.18129,30.18129,30.18129,30.18129,30.18129,43.68129,43.68129,30.18129,30.18129,30.18129,30.18129
1999-11-30,30.18129,30.18129,30.18129,30.18129,30.18129,30.18129,30.18129,30.18129,30.18129,30.18129,30.18129,30.18129,30.18129,30.18129,30.18129,30.18129,30.18129,30.18129,46.18129,43.68129,30.18129,30.18129,30.18129,30.18129
1999-12-01,29.17662,29.17662,29.17662,29.17662,29.17662,29.17662,29.17662,32.17662,36.67662000000001,29.17662,29.17662,29.17662,29.17662,29.17662,29.17662,29.17662,29.17662,32.17662,45.17662000000001,45.17662000000001,32.17662,29.17662,29.17662,29.17662
1999-12-02,29.17662,29.17662,29.17662,29.17662,29.17662,29.17662,29.17662,29.17662,29.17662,29.17662,29.17662,29.17662,29.17662,29.17662,29.17662,29.17662,29.17662,29.17662,42.67662000000001,42.67662000000001,29.17662,29.17662,29.17662,29.17662
1999-12-03,29.17662,29.17662,29.17662,29.17662,29.17662,29.17662,29.17662,29.17662,29.17662,29.17662,29.17662,29.17662,29.17662,29.17662,29.17662,29.17662,29.17662,29.17662,42.67662000000001,42.67662000000001,29.17662,29.17662,29.17662,29.17662
1999-12-04,29.17662,29.17662,29.17662,29.17662,29.17662,29.17662,29.17662,29.17662,29.17662,29.17662,29.17662,29.17662,29.17662,29.17662,29.17662,29.17662,29.17662,29.17662,41.17662000000001,41.17662000000001,29.17662,29.17662,29.17662,29.17662
1999-12-05,29.17662,29.17662,29.17662,29.17662,29.17662,29.17662,29.17662,29.17662,29.17662,29.17662,29.17662,29.17662,29.17662,29.17662,29.17662,29.17662,29.17662,29.17662,29.17662,29.17662,29.17662,29.17662,29.17662,29.17662
1999-12-06,29.17662,29.17662,29.17662,29.17662,29.17662,29.17662,29.17662,29.17662,29.17662,29.17662,29.17662,29.17662,29.17662,29.17662,29.17662,29.17662,29.17662,29.17662,42.67662000000001,42.67662000000001,42.67662000000001,29.17662,29.17662,29.17662
1999-12-07,29.17662,29.17662,29.17662,29.17662,29.17662,29.17662,29.17662,29.17662,29.17662,29.17662,29.17662,29.17662,29.17662,29.17662,29.17662,29.17662,29.17662,29.17662,41.17662000000001,29.17662,29.17662,29.17662,29.17662,29.17662
1999-12-08,29.17662,29.17662,29.17662,29.17662,29.17662,29.17662,29.17662,29.17662,29.17662,29.17662,29.17662,29.17662,29.17662,29.17662,29.17662,29.17662,29.17662,29.17662,29.17662,29.17662,29.17662,29.17662,29.17662,29.17662
1999-12-09,29.17662,29.17662,29.17662,29.17662,29.17662,29.17662,29.17662,29.17662,29.17662,29.17662,29.17662,29.17662,29.17662,29.17662,29.17662,29.17662,29.17662,29.17662,42.67662000000001,42.67662000000001,38.17662000000001,29.17662,29.17662,29.17662
1999-12-10,29.17662,29.17662,29.17662,29.17662,29.17662,29.17662,29.17662,29.17662,29.17662,29.17662,29.17662,38.17662000000001,29.17662,29.17662,29.17662,29.17662,29.17662,29.17662,42.67662000000001,42.67662000000001,42.17662000000001,29.17662,29.17662,29.17662
1999-12-11,29.17662,29.17662,29.17662,29.17662,29.17662,29.17662,29.17662,29.17662,29.17662,29.17662,29.17662,29.17662,29.17662,29.17662,29.17662,29.17662,29.17662,29.17662,42.17662000000001,42.17662000000001,36.18762,29.17662,36.18762,29.17662
1999-12-12,29.17662,29.17662,29.17662,29.17662,29.17662,29.17662,29.17662,29.17662,29.17662,29.17662,29.17662,29.17662,29.17662,29.17662,29.17662,29.17662,29.17662,29.17662,29.17662,29.17662,29.17662,29.17662,29.17662,29.17662
1999-12-13,29.17662,29.17662,29.17662,29.17662,29.17662,29.17662,29.17662,29.17662,29.17662,29.17662,29.17662,29.17662,29.17662,29.17662,29.17662,29.17662,29.17662,29.17662,51.17662000000001,51.17662000000001,42.67662000000001,29.17662,29.17662,29.17662
1999-12-14,29.17662,29.17662,29.17662,29.17662,29.17662,29.17662,42.12662,29.17662,42.12662,42.12662,42.12662,42.12662,42.12662,42.12662,42.12662,42.12662,42.67662000000001,42.12662,53.17661999999999,67.37662000000002,51.17662000000001,48.67662000000001,42.12662,29.17662
1999-12-15,29.17662,29.17662,29.17662,29.17662,29.17662,29.17662,29.17662,29.17662,38.17662000000001,29.17662,29.17662,29.17662,29.17662,29.17662,29.17662,29.17662,29.17662,29.17662,51.17662000000001,51.17662000000001,42.67662000000001,29.17662,29.17662,29.17662
1999-12-16,29.17662,29.17662,29.17662,29.17662,29.17662,29.17662,29.17662,29.17662,29.17662,29.17662,29.17662,29.17662,29.17662,29.17662,29.17662,29.17662,29.17662,29.17662,51.17662000000001,51.17662000000001,42.67662000000001,45.97662,29.17662,29.17662
1999-12-17,29.17662,29.17662,29.17662,29.17662,29.17662,38.17662000000001,29.17662,29.17662,29.17662,29.17662,29.17662,38.17662000000001,42.67662000000001,29.17662,29.17662,29.17662,29.17662,29.17662,53.17661999999999,53.17661999999999,42.67662000000001,51.17662000000001,48.17662000000001,29.17662
1999-12-18,29.17662,29.17662,29.17662,29.17662,29.17662,29.17662,29.17662,29.17662,29.17662,29.17662,29.17662,29.17662,29.17662,29.17662,29.17662,29.17662,29.17662,29.17662,38.17662000000001,42.67662000000001,30.17662,29.17662,48.17662000000001,29.17662
1999-12-19,29.17662,29.17662,29.17662,29.17662,29.17662,29.17662,29.17662,29.17662,29.17662,29.17662,29.17662,29.17662,29.17662,29.17662,29.17662,29.17662,29.17662,29.17662,29.17662,29.17662,29.17662,29.17662,29.17662,29.17662
1999-12-20,29.17662,29.17662,29.17662,29.17662,29.17662,29.17662,29.17662,29.17662,29.17662,29.17662,29.17662,29.17662,29.17662,29.17662,29.17662,29.17662,29.17662,38.17662000000001,51.17662000000001,51.17662000000001,42.67662000000001,51.17662000000001,50.17662000000001,29.17662
1999-12-21,29.17662,29.17662,29.17662,29.17662,29.17662,40.17662000000001,29.17662,29.17662,29.17662,29.17662,29.17662,29.17662,29.17662,29.17662,29.17662,29.17662,29.17662,29.17662,45.67662000000001,51.17662000000001,42.67662000000001,45.47662,50.17662000000001,29.17662
1999-12-22,29.17662,29.17662,29.17662,29.17662,29.17662,29.17662,29.17662,29.17662,29.17662,29.17662,29.17662,29.17662,29.17662,29.17662,29.17662,29.17662,29.17662,29.17662,42.67662000000001,42.67662000000001,38.17662000000001,42.67662000000001,48.17662000000001,29.17662
1999-12-23,29.17662,29.17662,29.17662,29.17662,29.17662,34.17662000000001,29.17662,29.17662,29.17662,29.17662,29.17662,29.17662,29.17662,29.17662,29.17662,29.17662,29.17662,29.17662,42.67662000000001,51.17662000000001,42.67662000000001,51.17662000000001,51.17662000000001,29.17662
1999-12-24,29.17662,29.17662,29.17662,29.17662,29.17662,29.17662,29.17662,29.17662,29.17662,29.17662,29.17662,29.17662,29.17662,29.17662,29.17662,29.17662,29.17662,29.17662,29.17662,29.17662,42.67662000000001,29.17662,52.17662000000001,41.17662000000001
1999-12-25,29.17662,29.17662,29.17662,29.17662,29.17662,29.17662,29.17662,29.17662,29.17662,29.17662,29.17662,29.17662,29.17662,29.17662,29.17662,29.17662,29.17662,29.17662,29.17662,29.17662,29.17662,29.17662,29.17662,29.17662
1999-12-26,29.17662,29.17662,29.17662,29.17662,29.17662,29.17662,29.17662,29.17662,29.17662,29.17662,29.17662,29.17662,29.17662,29.17662,29.17662,29.17662,29.17662,29.17662,29.17662,52.17662000000001,29.17662,29.17662,29.17662,29.17662
1999-12-27,29.17662,29.17662,29.17662,29.17662,29.17662,29.17662,29.17662,29.17662,29.17662,29.17662,29.17662,29.17662,29.17662,29.17662,29.17662,29.17662,29.17662,29.17662,52.17662000000001,52.17662000000001,53.17661999999999,29.17662,45.47662,29.17662
1999-12-28,29.17662,29.17662,29.17662,29.17662,29.17662,29.17662,29.17662,29.17662,29.17662,29.17662,29.17662,29.17662,29.17662,29.17662,29.17662,29.17662,29.17662,29.17662,52.17662000000001,52.17662000000001,52.17662000000001,30.17662,49.17662000000001,29.17662
1999-12-29,29.17662,29.17662,29.17662,29.17662,29.17662,29.17662,29.17662,29.17662,29.17662,29.17662,29.17662,29.17662,51.17662000000001,29.17662,29.17662,29.17662,29.17662,29.17662,51.17662000000001,51.17662000000001,52.17662000000001,51.17662000000001,49.17662000000001,29.17662
1999-12-30,29.17662,29.17662,29.17662,29.17662,29.17662,29.17662,29.17662,29.17662,29.17662,29.17662,29.17662,29.17662,48.17662000000001,48.17662000000001,29.17662,29.17662,29.17662,29.17662,47.17662000000001,48.17662000000001,48.17662000000001,47.17662000000001,29.17662,29.17662
1999-12-31,29.17662,29.17662,29.17662,29.17662,29.17662,43.17662000000001,29.17662,29.17662,29.17662,29.17662,29.17662,29.17662,29.17662,29.17662,29.17662,29.17662,29.17662,29.17662,29.17662,47.17662000000001,45.17662000000001,45.17662000000001,45.02662,45.02662
1999-12-23,29.17662,29.17662,29.17662,29.17662,29.17662,34.17662000000001,29.17662,29.17662,29.17662,29.17662,29.17662,29.17662,29.17662,29.17662,29.17662,29.17662,29.17662,29.17662,42.67662000000001,51.17662000000001,42.67662000000001,51.17662000000001,51.17662000000001,29.17662
1999-12-24,29.17662,,29.17662,29.17662,29.17662,29.17662,29.17662,29.17662,29.17662,29.17662,29.17662,29.17662,29.17662,29.17662,29.17662,29.17662,29.17662,29.17662,29.17662,29.17662,42.67662000000001,29.17662,52.17662000000001,41.17662000000001
1999-12-25,29.17662,29.17662,29.17662,29.17662,29.17662,29.17662,29.17662,29.17662,29.17662,29.17662,29.17662,29.17662,29.17662,29.17662,29.17662,29.17662,29.17662,29.17662,29.17662,29.17662,29.17662,29.17662,29.17662,29.17662
1999-12-26,29.17662,29.17662,29.17662,29.17662,29.17662,29.17662,29.17662,29.17662,29.17662,29.17662,29.17662,29.17662,29.17662,29.17662,29.17662,29.17662,29.17662,29.17662,29.17662,52.17662000000001,29.17662,29.17662,29.17662,29.17662
1999-12-27,29.17662,,29.17662,29.17662,29.17662,29.17662,29.17662,29.17662,29.17662,29.17662,29.17662,29.17662,29.17662,29.17662,29.17662,29.17662,29.17662,29.17662,52.17662000000001,52.17662000000001,53.17661999999999,29.17662,45.47662,29.17662
1999-12-28,29.17662,29.17662,29.17662,29.17662,29.17662,29.17662,29.17662,29.17662,29.17662,29.17662,29.17662,29.17662,29.17662,29.17662,29.17662,29.17662,29.17662,29.17662,52.17662000000001,52.17662000000001,52.17662000000001,30.17662,49.17662000000001,29.17662
1999-12-29,29.17662,29.17662,29.17662,29.17662,29.17662,29.17662,29.17662,29.17662,29.17662,29.17662,29.17662,29.17662,51.17662000000001,29.17662,29.17662,29.17662,29.17662,29.17662,51.17662000000001,51.17662000000001,52.17662000000001,51.17662000000001,49.17662000000001,29.17662
1999-12-30,29.17662,29.17662,29.17662,29.17662,29.17662,29.17662,29.17662,29.17662,29.17662,29.17662,29.17662,29.17662,48.17662000000001,48.17662000000001,29.17662,29.17662,29.17662,29.17662,47.17662000000001,48.17662000000001,48.17662000000001,47.17662000000001,29.17662,29.17662
1999-12-31,29.17662,29.17662,29.17662,29.17662,29.17662,43.17662000000001,29.17662,29.17662,29.17662,29.17662,29.17662,29.17662,29.17662,29.17662,29.17662,29.17662,29.17662,29.17662,29.17662,47.17662000000001,45.17662000000001,45.17662000000001,45.02662,45.02662
